Node.js version v21.6.1 detected.
Odd numbered Node.js versions will not enter LTS status and should not be used for production. For more information, please see https://nodejs.org/en/about/previous-releases/.
[1m[33mComponent HMR has been enabled, see https://angular.dev/hmr for more info.[39m[22m
[1m[31m[31mX [41;31m[[41;97mERROR[41;31m][0m [1mTS2339: Property 'filteredPortfolioTrendSeries' does not exist on type 'PortfolioHomeComponent'.[0m [1m[35m[plugin angular-compiler][0m

    src/app/pages/portfolio-home.component.ts:199:24:
[37m      199 │     const points = this.[32mfilteredPortfolioTrendSeries[37m;
          ╵                         [32m~~~~~~~~~~~~~~~~~~~~~~~~~~~~[0m


[31mX [41;31m[[41;97mERROR[41;31m][0m [1mTS7006: Parameter 'point' implicitly has an 'any' type.[0m [1m[35m[plugin angular-compiler][0m

    src/app/pages/portfolio-home.component.ts:205:31:
[37m      205 │     const values = points.map(([32mpoint[37m) => point.profitEuros);
          ╵                                [32m~~~~~[0m


[31mX [41;31m[[41;97mERROR[41;31m][0m [1mTS7006: Parameter 'point' implicitly has an 'any' type.[0m [1m[35m[plugin angular-compiler][0m

    src/app/pages/portfolio-home.component.ts:210:23:
[37m      210 │     return points.map(([32mpoint[37m, index) => ({
          ╵                        [32m~~~~~[0m


[31mX [41;31m[[41;97mERROR[41;31m][0m [1mTS7006: Parameter 'index' implicitly has an 'any' type.[0m [1m[35m[plugin angular-compiler][0m

    src/app/pages/portfolio-home.component.ts:210:30:
[37m      210 │     return points.map((point, [32mindex[37m) => ({
          ╵                               [32m~~~~~[0m


[31mX [41;31m[[41;97mERROR[41;31m][0m [1mTS2339: Property 'filteredPortfolioTrendSeries' does not exist on type 'PortfolioHomeComponent'.[0m [1m[35m[plugin angular-compiler][0m

    src/app/pages/portfolio-home.component.ts:242:24:
[37m      242 │     const points = this.[32mfilteredPortfolioTrendSeries[37m;
          ╵                         [32m~~~~~~~~~~~~~~~~~~~~~~~~~~~~[0m


[31mX [41;31m[[41;97mERROR[41;31m][0m [1mTS2339: Property 'filteredPortfolioTrendSeries' does not exist on type 'PortfolioHomeComponent'.[0m [1m[35m[plugin angular-compiler][0m

    src/app/pages/portfolio-home.component.ts:247:24:
[37m      247 │     const points = this.[32mfilteredPortfolioTrendSeries[37m;
          ╵                         [32m~~~~~~~~~~~~~~~~~~~~~~~~~~~~[0m


[31mX [41;31m[[41;97mERROR[41;31m][0m [1mTS2304: Cannot find name 'formatDateEs'.[0m [1m[35m[plugin angular-compiler][0m

    src/app/pages/portfolio-home.component.ts:253:14:
[37m      253 │     return `${[32mformatDateEs[37m(points[0].date)} - ${formatDateEs(poin...
          ╵               [32m~~~~~~~~~~~~[0m


[31mX [41;31m[[41;97mERROR[41;31m][0m [1mTS2304: Cannot find name 'formatDateEs'.[0m [1m[35m[plugin angular-compiler][0m

    src/app/pages/portfolio-home.component.ts:253:48:
[37m      253 │ ...eEs(points[0].date)} - ${[32mformatDateEs[37m(points[points.length - 1...
          ╵                             [32m~~~~~~~~~~~~[0m


[31mX [41;31m[[41;97mERROR[41;31m][0m [1mTS2339: Property 'filteredPortfolioTrendSeries' does not exist on type 'PortfolioHomeComponent'.[0m [1m[35m[plugin angular-compiler][0m

    src/app/pages/portfolio-home.component.ts:257:24:
[37m      257 │ ...st values = this.[32mfilteredPortfolioTrendSeries[37m.map((point) => p...
          ╵                     [32m~~~~~~~~~~~~~~~~~~~~~~~~~~~~[0m


[31mX [41;31m[[41;97mERROR[41;31m][0m [1mTS7006: Parameter 'point' implicitly has an 'any' type.[0m [1m[35m[plugin angular-compiler][0m

    src/app/pages/portfolio-home.component.ts:257:58:
[37m      257 │ ...s.filteredPortfolioTrendSeries.map(([32mpoint[37m) => point.profitEuros);
          ╵                                        [32m~~~~~[0m


[31mX [41;31m[[41;97mERROR[41;31m][0m [1mTS2339: Property 'filteredPortfolioTrendSeries' does not exist on type 'PortfolioHomeComponent'.[0m [1m[35m[plugin angular-compiler][0m

    src/app/pages/portfolio-home.component.ts:271:24:
[37m      271 │     const points = this.[32mfilteredPortfolioTrendSeries[37m;
          ╵                         [32m~~~~~~~~~~~~~~~~~~~~~~~~~~~~[0m


[31mX [41;31m[[41;97mERROR[41;31m][0m [1mTS2304: Cannot find name 'formatDateEs'.[0m [1m[35m[plugin angular-compiler][0m

    src/app/pages/portfolio-home.component.ts:288:13:
[37m      288 │       label: [32mformatDateEs[37m(points[index].date),
          ╵              [32m~~~~~~~~~~~~[0m

[39m[22m
[1m[31m[31mX [41;31m[[41;97mERROR[41;31m][0m [1mTS2304: Cannot find name 'formatDateEs'.[0m [1m[35m[plugin angular-compiler][0m

    src/app/pages/portfolio-home.component.ts:253:14:
[37m      253 │     return `${[32mformatDateEs[37m(points[0].date)} - ${formatDateEs(poin...
          ╵               [32m~~~~~~~~~~~~[0m


[31mX [41;31m[[41;97mERROR[41;31m][0m [1mTS2304: Cannot find name 'formatDateEs'.[0m [1m[35m[plugin angular-compiler][0m

    src/app/pages/portfolio-home.component.ts:253:48:
[37m      253 │ ...eEs(points[0].date)} - ${[32mformatDateEs[37m(points[points.length - 1...
          ╵                             [32m~~~~~~~~~~~~[0m


[31mX [41;31m[[41;97mERROR[41;31m][0m [1mTS2304: Cannot find name 'formatDateEs'.[0m [1m[35m[plugin angular-compiler][0m

    src/app/pages/portfolio-home.component.ts:288:13:
[37m      288 │       label: [32mformatDateEs[37m(points[index].date),
          ╵              [32m~~~~~~~~~~~~[0m


[31mX [41;31m[[41;97mERROR[41;31m][0m [1mTS2339: Property 'subtractMonths' does not exist on type 'PortfolioHomeComponent'.[0m [1m[35m[plugin angular-compiler][0m

    src/app/pages/portfolio-home.component.ts:703:20:
[37m      703 │         return this.[32msubtractMonths[37m(lastDate, 1);
          ╵                     [32m~~~~~~~~~~~~~~[0m


[31mX [41;31m[[41;97mERROR[41;31m][0m [1mTS2339: Property 'subtractMonths' does not exist on type 'PortfolioHomeComponent'.[0m [1m[35m[plugin angular-compiler][0m

    src/app/pages/portfolio-home.component.ts:705:20:
[37m      705 │         return this.[32msubtractMonths[37m(lastDate, 3);
          ╵                     [32m~~~~~~~~~~~~~~[0m


[31mX [41;31m[[41;97mERROR[41;31m][0m [1mTS2339: Property 'subtractMonths' does not exist on type 'PortfolioHomeComponent'.[0m [1m[35m[plugin angular-compiler][0m

    src/app/pages/portfolio-home.component.ts:707:20:
[37m      707 │         return this.[32msubtractMonths[37m(lastDate, 6);
          ╵                     [32m~~~~~~~~~~~~~~[0m


[31mX [41;31m[[41;97mERROR[41;31m][0m [1mTS2339: Property 'subtractYears' does not exist on type 'PortfolioHomeComponent'.[0m [1m[35m[plugin angular-compiler][0m

    src/app/pages/portfolio-home.component.ts:711:20:
[37m      711 │         return this.[32msubtractYears[37m(lastDate, 1);
          ╵                     [32m~~~~~~~~~~~~~[0m


[31mX [41;31m[[41;97mERROR[41;31m][0m [1mTS2339: Property 'subtractYears' does not exist on type 'PortfolioHomeComponent'.[0m [1m[35m[plugin angular-compiler][0m

    src/app/pages/portfolio-home.component.ts:713:20:
[37m      713 │         return this.[32msubtractYears[37m(lastDate, 3);
          ╵                     [32m~~~~~~~~~~~~~[0m

[39m[22m
[1m[31m[31mX [41;31m[[41;97mERROR[41;31m][0m [1mTS2304: Cannot find name 'formatDateEs'.[0m [1m[35m[plugin angular-compiler][0m

    src/app/pages/portfolio-home.component.ts:253:14:
[37m      253 │     return `${[32mformatDateEs[37m(points[0].date)} - ${formatDateEs(poin...
          ╵               [32m~~~~~~~~~~~~[0m


[31mX [41;31m[[41;97mERROR[41;31m][0m [1mTS2304: Cannot find name 'formatDateEs'.[0m [1m[35m[plugin angular-compiler][0m

    src/app/pages/portfolio-home.component.ts:253:48:
[37m      253 │ ...eEs(points[0].date)} - ${[32mformatDateEs[37m(points[points.length - 1...
          ╵                             [32m~~~~~~~~~~~~[0m


[31mX [41;31m[[41;97mERROR[41;31m][0m [1mTS2304: Cannot find name 'formatDateEs'.[0m [1m[35m[plugin angular-compiler][0m

    src/app/pages/portfolio-home.component.ts:288:13:
[37m      288 │       label: [32mformatDateEs[37m(points[index].date),
          ╵              [32m~~~~~~~~~~~~[0m

[39m[22m
[1m[33m[33m▲ [43;33m[[43;30mWARNING[43;33m][0m [1mNG8107: The left side of this optional chain operation does not include 'null' or 'undefined' in its type, therefore the '?.' operator can be replaced with the '.' operator.[0m [1m[35m[plugin angular-compiler][0m

    src/app/pages/portfolio-home.component.html:114:153:
[37m      114 │ ...[filteredPortfolioTrendSeries.length - 1]?.[32mprofitEuros[37m ?? 0) < 0"
          ╵                                               [32m~~~~~~~~~~~[0m

  Error occurs in the template of component PortfolioHomeComponent.

    src/app/pages/portfolio-home.component.ts:33:15:
[37m      33 │   templateUrl: [32m'./portfolio-home.component.html'[37m,
         ╵                [32m~~~~~~~~~~~~~~~~~~~~~~~~~~~~~~~~~[0m


[33m▲ [43;33m[[43;30mWARNING[43;33m][0m [1mNG8107: The left side of this optional chain operation does not include 'null' or 'undefined' in its type, therefore the '?.' operator can be replaced with the '.' operator.[0m [1m[35m[plugin angular-compiler][0m

    src/app/pages/portfolio-home.component.html:115:153:
[37m      115 │ ...filteredPortfolioTrendSeries.length - 1]?.[32mprofitEuros[37m ?? 0) > 0">
          ╵                                              [32m~~~~~~~~~~~[0m

  Error occurs in the template of component PortfolioHomeComponent.

    src/app/pages/portfolio-home.component.ts:33:15:
[37m      33 │   templateUrl: [32m'./portfolio-home.component.html'[37m,
         ╵                [32m~~~~~~~~~~~~~~~~~~~~~~~~~~~~~~~~~[0m

[39m[22m
[1m[31m[31mX [41;31m[[41;97mERROR[41;31m][0m [1mNG1: Property 'filteredPortfolioTrendSeries' is private and only accessible within class 'PortfolioHomeComponent'.[0m [1m[35m[plugin angular-compiler][0m

    src/app/pages/portfolio-home.component.html:114:82:
[37m      114 │ ...?.profitEuros ?? [32mfilteredPortfolioTrendSeries[37m[filteredPortfoli...
          ╵                     [32m~~~~~~~~~~~~~~~~~~~~~~~~~~~~[0m

  Error occurs in the template of component PortfolioHomeComponent.

    src/app/pages/portfolio-home.component.ts:33:15:
[37m      33 │   templateUrl: [32m'./portfolio-home.component.html'[37m,
         ╵                [32m~~~~~~~~~~~~~~~~~~~~~~~~~~~~~~~~~[0m


[31mX [41;31m[[41;97mERROR[41;31m][0m [1mNG1: Property 'filteredPortfolioTrendSeries' is private and only accessible within class 'PortfolioHomeComponent'.[0m [1m[35m[plugin angular-compiler][0m

    src/app/pages/portfolio-home.component.html:114:111:
[37m      114 │ ...folioTrendSeries[[32mfilteredPortfolioTrendSeries[37m.length - 1]?.pro...
          ╵                     [32m~~~~~~~~~~~~~~~~~~~~~~~~~~~~[0m

  Error occurs in the template of component PortfolioHomeComponent.

    src/app/pages/portfolio-home.component.ts:33:15:
[37m      33 │   templateUrl: [32m'./portfolio-home.component.html'[37m,
         ╵                [32m~~~~~~~~~~~~~~~~~~~~~~~~~~~~~~~~~[0m


[31mX [41;31m[[41;97mERROR[41;31m][0m [1mNG1: Property 'filteredPortfolioTrendSeries' is private and only accessible within class 'PortfolioHomeComponent'.[0m [1m[35m[plugin angular-compiler][0m

    src/app/pages/portfolio-home.component.html:115:82:
[37m      115 │ ...?.profitEuros ?? [32mfilteredPortfolioTrendSeries[37m[filteredPortfoli...
          ╵                     [32m~~~~~~~~~~~~~~~~~~~~~~~~~~~~[0m

  Error occurs in the template of component PortfolioHomeComponent.

    src/app/pages/portfolio-home.component.ts:33:15:
[37m      33 │   templateUrl: [32m'./portfolio-home.component.html'[37m,
         ╵                [32m~~~~~~~~~~~~~~~~~~~~~~~~~~~~~~~~~[0m


[31mX [41;31m[[41;97mERROR[41;31m][0m [1mNG1: Property 'filteredPortfolioTrendSeries' is private and only accessible within class 'PortfolioHomeComponent'.[0m [1m[35m[plugin angular-compiler][0m

    src/app/pages/portfolio-home.component.html:115:111:
[37m      115 │ ...folioTrendSeries[[32mfilteredPortfolioTrendSeries[37m.length - 1]?.pro...
          ╵                     [32m~~~~~~~~~~~~~~~~~~~~~~~~~~~~[0m

  Error occurs in the template of component PortfolioHomeComponent.

    src/app/pages/portfolio-home.component.ts:33:15:
[37m      33 │   templateUrl: [32m'./portfolio-home.component.html'[37m,
         ╵                [32m~~~~~~~~~~~~~~~~~~~~~~~~~~~~~~~~~[0m


[31mX [41;31m[[41;97mERROR[41;31m][0m [1mNG5002: Parser Error: Conditional expression portfolioTrendHoveredPoint ? portfolioTrendHoveredPoint.profitEuros | number:'1.2-2' : portfolioTrendValueLabel requires all 3 expressions at the end of the expression [ {{ portfolioTrendHoveredPoint ? portfolioTrendHoveredPoint.profitEuros | number:'1.2-2' : portfolioTrendValueLabel }} ] in C:\Users\jorge\OneDrive\workspace\angular-app23\angular-app\src\app\pages\portfolio-home.component.html@115:14[0m [1m[35m[plugin angular-compiler][0m

    src/app/pages/portfolio-home.component.html:116:14:
[37m      116 │ ...          [32m{{ portfolioTrendHoveredPoint ? portfolioTrendHovere[37m...
          ╵              [32m~~~~~~~~~~~~~~~~~~~~~~~~~~~~~~~~~~~~~~~~~~~~~~~~~~~~[0m

  Error occurs in the template of component PortfolioHomeComponent.

    src/app/pages/portfolio-home.component.ts:33:15:
[37m      33 │   templateUrl: [32m'./portfolio-home.component.html'[37m,
         ╵                [32m~~~~~~~~~~~~~~~~~~~~~~~~~~~~~~~~~[0m


[31mX [41;31m[[41;97mERROR[41;31m][0m [1mNG5002: Parser Error: Conditional expression portfolioTrendHoveredPoint ? portfolioTrendHoveredPoint.profitEuros | number:'1.2-2' : portfolioTrendValueLabel requires all 3 expressions at the end of the expression [ {{ portfolioTrendHoveredPoint ? portfolioTrendHoveredPoint.profitEuros | number:'1.2-2' : portfolioTrendValueLabel }} ] in C:\Users\jorge\OneDrive\workspace\angular-app23\angular-app\src\app\pages\portfolio-home.component.html@115:14[0m [1m[35m[plugin angular-compiler][0m

    src/app/pages/portfolio-home.component.html:118:18:
[37m      118 │ ...    <span>[32m{{ portfolioTrendHoveredPoint ? (portfolioTrendHover[37m...
          ╵              [32m~~~~~~~~~~~~~~~~~~~~~~~~~~~~~~~~~~~~~~~~~~~~~~~~~~~~[0m

  Error occurs in the template of component PortfolioHomeComponent.

    src/app/pages/portfolio-home.component.ts:33:15:
[37m      33 │   templateUrl: [32m'./portfolio-home.component.html'[37m,
         ╵                [32m~~~~~~~~~~~~~~~~~~~~~~~~~~~~~~~~~[0m


[31mX [41;31m[[41;97mERROR[41;31m][0m [1mNG5002: Parser Error: Conditional expression portfolioTrendHoveredPoint ? portfolioTrendHoveredPoint.profitEuros | number:'1.2-2' : portfolioTrendValueLabel requires all 3 expressions at the end of the expression [ {{ portfolioTrendHoveredPoint ? portfolioTrendHoveredPoint.profitEuros | number:'1.2-2' : portfolioTrendValueLabel }} ] in C:\Users\jorge\OneDrive\workspace\angular-app23\angular-app\src\app\pages\portfolio-home.component.html@115:14[0m [1m[35m[plugin angular-compiler][0m

    src/app/pages/portfolio-home.component.html:123:16:
[37m      123 │           @for ([32mscope of portfolioTrendScopes[37m; track scope.key) {
          ╵                 [32m~~~~~~~~~~~~~~~~~~~~~~~~~~~~~[0m

  Error occurs in the template of component PortfolioHomeComponent.

    src/app/pages/portfolio-home.component.ts:33:15:
[37m      33 │   templateUrl: [32m'./portfolio-home.component.html'[37m,
         ╵                [32m~~~~~~~~~~~~~~~~~~~~~~~~~~~~~~~~~[0m


[31mX [41;31m[[41;97mERROR[41;31m][0m [1mNG5002: Parser Error: Conditional expression portfolioTrendHoveredPoint ? portfolioTrendHoveredPoint.profitEuros | number:'1.2-2' : portfolioTrendValueLabel requires all 3 expressions at the end of the expression [ {{ portfolioTrendHoveredPoint ? portfolioTrendHoveredPoint.profitEuros | number:'1.2-2' : portfolioTrendValueLabel }} ] in C:\Users\jorge\OneDrive\workspace\angular-app23\angular-app\src\app\pages\portfolio-home.component.html@115:14[0m [1m[35m[plugin angular-compiler][0m

    src/app/pages/portfolio-home.component.html:123:47:
[37m      123 │           @for (scope of portfolioTrendScopes; [32mtrack scope.key[37m) {
          ╵                                                [32m~~~~~~~~~~~~~~~[0m

  Error occurs in the template of component PortfolioHomeComponent.

    src/app/pages/portfolio-home.component.ts:33:15:
[37m      33 │   templateUrl: [32m'./portfolio-home.component.html'[37m,
         ╵                [32m~~~~~~~~~~~~~~~~~~~~~~~~~~~~~~~~~[0m


[31mX [41;31m[[41;97mERROR[41;31m][0m [1mNG5002: Parser Error: Conditional expression portfolioTrendHoveredPoint ? portfolioTrendHoveredPoint.profitEuros | number:'1.2-2' : portfolioTrendValueLabel requires all 3 expressions at the end of the expression [ {{ portfolioTrendHoveredPoint ? portfolioTrendHoveredPoint.profitEuros | number:'1.2-2' : portfolioTrendValueLabel }} ] in C:\Users\jorge\OneDrive\workspace\angular-app23\angular-app\src\app\pages\portfolio-home.component.html@115:14[0m [1m[35m[plugin angular-compiler][0m

    src/app/pages/portfolio-home.component.html:127:51:
[37m      127 │ ...io-trend-tab--active]="[32mselectedPortfolioTrendScope === scope.key[37m"
          ╵                           [32m~~~~~~~~~~~~~~~~~~~~~~~~~~~~~~~~~~~~~~~~~[0m

  Error occurs in the template of component PortfolioHomeComponent.

    src/app/pages/portfolio-home.component.ts:33:15:
[37m      33 │   templateUrl: [32m'./portfolio-home.component.html'[37m,
         ╵                [32m~~~~~~~~~~~~~~~~~~~~~~~~~~~~~~~~~[0m


[31mX [41;31m[[41;97mERROR[41;31m][0m [1mNG5002: Parser Error: Conditional expression portfolioTrendHoveredPoint ? portfolioTrendHoveredPoint.profitEuros | number:'1.2-2' : portfolioTrendValueLabel requires all 3 expressions at the end of the expression [ {{ portfolioTrendHoveredPoint ? portfolioTrendHoveredPoint.profitEuros | number:'1.2-2' : portfolioTrendValueLabel }} ] in C:\Users\jorge\OneDrive\workspace\angular-app23\angular-app\src\app\pages\portfolio-home.component.html@115:14[0m [1m[35m[plugin angular-compiler][0m

    src/app/pages/portfolio-home.component.html:128:23:
[37m      128 │               (click)="[32msetPortfolioTrendScope(scope.key)[37m"
          ╵                        [32m~~~~~~~~~~~~~~~~~~~~~~~~~~~~~~~~~[0m

  Error occurs in the template of component PortfolioHomeComponent.

    src/app/pages/portfolio-home.component.ts:33:15:
[37m      33 │   templateUrl: [32m'./portfolio-home.component.html'[37m,
         ╵                [32m~~~~~~~~~~~~~~~~~~~~~~~~~~~~~~~~~[0m


[31mX [41;31m[[41;97mERROR[41;31m][0m [1mNG5002: Parser Error: Conditional expression portfolioTrendHoveredPoint ? portfolioTrendHoveredPoint.profitEuros | number:'1.2-2' : portfolioTrendValueLabel requires all 3 expressions at the end of the expression [ {{ portfolioTrendHoveredPoint ? portfolioTrendHoveredPoint.profitEuros | number:'1.2-2' : portfolioTrendValueLabel }} ] in C:\Users\jorge\OneDrive\workspace\angular-app23\angular-app\src\app\pages\portfolio-home.component.html@115:14[0m [1m[35m[plugin angular-compiler][0m

    src/app/pages/portfolio-home.component.html:130:14:
[37m      130 │               [32m{{ scope.label }}[37m
          ╵               [32m~~~~~~~~~~~~~~~~~[0m

  Error occurs in the template of component PortfolioHomeComponent.

    src/app/pages/portfolio-home.component.ts:33:15:
[37m      33 │   templateUrl: [32m'./portfolio-home.component.html'[37m,
         ╵                [32m~~~~~~~~~~~~~~~~~~~~~~~~~~~~~~~~~[0m


[31mX [41;31m[[41;97mERROR[41;31m][0m [1mNG5002: Parser Error: Conditional expression portfolioTrendHoveredPoint ? portfolioTrendHoveredPoint.profitEuros | number:'1.2-2' : portfolioTrendValueLabel requires all 3 expressions at the end of the expression [ {{ portfolioTrendHoveredPoint ? portfolioTrendHoveredPoint.profitEuros | number:'1.2-2' : portfolioTrendValueLabel }} ] in C:\Users\jorge\OneDrive\workspace\angular-app23\angular-app\src\app\pages\portfolio-home.component.html@115:14[0m [1m[35m[plugin angular-compiler][0m

    src/app/pages/portfolio-home.component.html:136:16:
[37m      136 │           @for ([32mrange of portfolioTrendRanges[37m; track range.key) {
          ╵                 [32m~~~~~~~~~~~~~~~~~~~~~~~~~~~~~[0m

  Error occurs in the template of component PortfolioHomeComponent.

    src/app/pages/portfolio-home.component.ts:33:15:
[37m      33 │   templateUrl: [32m'./portfolio-home.component.html'[37m,
         ╵                [32m~~~~~~~~~~~~~~~~~~~~~~~~~~~~~~~~~[0m


[31mX [41;31m[[41;97mERROR[41;31m][0m [1mNG5002: Parser Error: Conditional expression portfolioTrendHoveredPoint ? portfolioTrendHoveredPoint.profitEuros | number:'1.2-2' : portfolioTrendValueLabel requires all 3 expressions at the end of the expression [ {{ portfolioTrendHoveredPoint ? portfolioTrendHoveredPoint.profitEuros | number:'1.2-2' : portfolioTrendValueLabel }} ] in C:\Users\jorge\OneDrive\workspace\angular-app23\angular-app\src\app\pages\portfolio-home.component.html@115:14[0m [1m[35m[plugin angular-compiler][0m

    src/app/pages/portfolio-home.component.html:136:47:
[37m      136 │           @for (range of portfolioTrendRanges; [32mtrack range.key[37m) {
          ╵                                                [32m~~~~~~~~~~~~~~~[0m

  Error occurs in the template of component PortfolioHomeComponent.

    src/app/pages/portfolio-home.component.ts:33:15:
[37m      33 │   templateUrl: [32m'./portfolio-home.component.html'[37m,
         ╵                [32m~~~~~~~~~~~~~~~~~~~~~~~~~~~~~~~~~[0m


[31mX [41;31m[[41;97mERROR[41;31m][0m [1mNG5002: Parser Error: Conditional expression portfolioTrendHoveredPoint ? portfolioTrendHoveredPoint.profitEuros | number:'1.2-2' : portfolioTrendValueLabel requires all 3 expressions at the end of the expression [ {{ portfolioTrendHoveredPoint ? portfolioTrendHoveredPoint.profitEuros | number:'1.2-2' : portfolioTrendValueLabel }} ] in C:\Users\jorge\OneDrive\workspace\angular-app23\angular-app\src\app\pages\portfolio-home.component.html@115:14[0m [1m[35m[plugin angular-compiler][0m

    src/app/pages/portfolio-home.component.html:140:51:
[37m      140 │ ...io-trend-tab--active]="[32mselectedPortfolioTrendRange === range.key[37m"
          ╵                           [32m~~~~~~~~~~~~~~~~~~~~~~~~~~~~~~~~~~~~~~~~~[0m

  Error occurs in the template of component PortfolioHomeComponent.

    src/app/pages/portfolio-home.component.ts:33:15:
[37m      33 │   templateUrl: [32m'./portfolio-home.component.html'[37m,
         ╵                [32m~~~~~~~~~~~~~~~~~~~~~~~~~~~~~~~~~[0m


[31mX [41;31m[[41;97mERROR[41;31m][0m [1mNG5002: Parser Error: Conditional expression portfolioTrendHoveredPoint ? portfolioTrendHoveredPoint.profitEuros | number:'1.2-2' : portfolioTrendValueLabel requires all 3 expressions at the end of the expression [ {{ portfolioTrendHoveredPoint ? portfolioTrendHoveredPoint.profitEuros | number:'1.2-2' : portfolioTrendValueLabel }} ] in C:\Users\jorge\OneDrive\workspace\angular-app23\angular-app\src\app\pages\portfolio-home.component.html@115:14[0m [1m[35m[plugin angular-compiler][0m

    src/app/pages/portfolio-home.component.html:141:23:
[37m      141 │               (click)="[32msetPortfolioTrendRange(range.key)[37m"
          ╵                        [32m~~~~~~~~~~~~~~~~~~~~~~~~~~~~~~~~~[0m

  Error occurs in the template of component PortfolioHomeComponent.

    src/app/pages/portfolio-home.component.ts:33:15:
[37m      33 │   templateUrl: [32m'./portfolio-home.component.html'[37m,
         ╵                [32m~~~~~~~~~~~~~~~~~~~~~~~~~~~~~~~~~[0m


[31mX [41;31m[[41;97mERROR[41;31m][0m [1mNG5002: Parser Error: Conditional expression portfolioTrendHoveredPoint ? portfolioTrendHoveredPoint.profitEuros | number:'1.2-2' : portfolioTrendValueLabel requires all 3 expressions at the end of the expression [ {{ portfolioTrendHoveredPoint ? portfolioTrendHoveredPoint.profitEuros | number:'1.2-2' : portfolioTrendValueLabel }} ] in C:\Users\jorge\OneDrive\workspace\angular-app23\angular-app\src\app\pages\portfolio-home.component.html@115:14[0m [1m[35m[plugin angular-compiler][0m

    src/app/pages/portfolio-home.component.html:143:14:
[37m      143 │               [32m{{ range.label }}[37m
          ╵               [32m~~~~~~~~~~~~~~~~~[0m

  Error occurs in the template of component PortfolioHomeComponent.

    src/app/pages/portfolio-home.component.ts:33:15:
[37m      33 │   templateUrl: [32m'./portfolio-home.component.html'[37m,
         ╵                [32m~~~~~~~~~~~~~~~~~~~~~~~~~~~~~~~~~[0m


[31mX [41;31m[[41;97mERROR[41;31m][0m [1mNG5002: Parser Error: Conditional expression portfolioTrendHoveredPoint ? portfolioTrendHoveredPoint.profitEuros | number:'1.2-2' : portfolioTrendValueLabel requires all 3 expressions at the end of the expression [ {{ portfolioTrendHoveredPoint ? portfolioTrendHoveredPoint.profitEuros | number:'1.2-2' : portfolioTrendValueLabel }} ] in C:\Users\jorge\OneDrive\workspace\angular-app23\angular-app\src\app\pages\portfolio-home.component.html@115:14[0m [1m[35m[plugin angular-compiler][0m

    src/app/pages/portfolio-home.component.html:148:13:
[37m      148 │         @if ([32mhasPortfolioTrend[37m) {
          ╵              [32m~~~~~~~~~~~~~~~~~[0m

  Error occurs in the template of component PortfolioHomeComponent.

    src/app/pages/portfolio-home.component.ts:33:15:
[37m      33 │   templateUrl: [32m'./portfolio-home.component.html'[37m,
         ╵                [32m~~~~~~~~~~~~~~~~~~~~~~~~~~~~~~~~~[0m


[31mX [41;31m[[41;97mERROR[41;31m][0m [1mNG5002: Parser Error: Conditional expression portfolioTrendHoveredPoint ? portfolioTrendHoveredPoint.profitEuros | number:'1.2-2' : portfolioTrendValueLabel requires all 3 expressions at the end of the expression [ {{ portfolioTrendHoveredPoint ? portfolioTrendHoveredPoint.profitEuros | number:'1.2-2' : portfolioTrendValueLabel }} ] in C:\Users\jorge\OneDrive\workspace\angular-app23\angular-app\src\app\pages\portfolio-home.component.html@115:14[0m [1m[35m[plugin angular-compiler][0m

    src/app/pages/portfolio-home.component.html:152:20:
[37m      152 │               @for ([32mtick of portfolioTrendYTicks[37m; track tick) {
          ╵                     [32m~~~~~~~~~~~~~~~~~~~~~~~~~~~~[0m

  Error occurs in the template of component PortfolioHomeComponent.

    src/app/pages/portfolio-home.component.ts:33:15:
[37m      33 │   templateUrl: [32m'./portfolio-home.component.html'[37m,
         ╵                [32m~~~~~~~~~~~~~~~~~~~~~~~~~~~~~~~~~[0m


[31mX [41;31m[[41;97mERROR[41;31m][0m [1mNG5002: Parser Error: Conditional expression portfolioTrendHoveredPoint ? portfolioTrendHoveredPoint.profitEuros | number:'1.2-2' : portfolioTrendValueLabel requires all 3 expressions at the end of the expression [ {{ portfolioTrendHoveredPoint ? portfolioTrendHoveredPoint.profitEuros | number:'1.2-2' : portfolioTrendValueLabel }} ] in C:\Users\jorge\OneDrive\workspace\angular-app23\angular-app\src\app\pages\portfolio-home.component.html@115:14[0m [1m[35m[plugin angular-compiler][0m

    src/app/pages/portfolio-home.component.html:152:50:
[37m      152 │               @for (tick of portfolioTrendYTicks; [32mtrack tick[37m) {
          ╵                                                   [32m~~~~~~~~~~[0m

  Error occurs in the template of component PortfolioHomeComponent.

    src/app/pages/portfolio-home.component.ts:33:15:
[37m      33 │   templateUrl: [32m'./portfolio-home.component.html'[37m,
         ╵                [32m~~~~~~~~~~~~~~~~~~~~~~~~~~~~~~~~~[0m


[31mX [41;31m[[41;97mERROR[41;31m][0m [1mNG5002: Parser Error: Conditional expression portfolioTrendHoveredPoint ? portfolioTrendHoveredPoint.profitEuros | number:'1.2-2' : portfolioTrendValueLabel requires all 3 expressions at the end of the expression [ {{ portfolioTrendHoveredPoint ? portfolioTrendHoveredPoint.profitEuros | number:'1.2-2' : portfolioTrendValueLabel }} ] in C:\Users\jorge\OneDrive\workspace\angular-app23\angular-app\src\app\pages\portfolio-home.component.html@115:14[0m [1m[35m[plugin angular-compiler][0m

    src/app/pages/portfolio-home.component.html:153:22:
[37m      153 │                 <span>[32m{{ tick }}[37m</span>
          ╵                       [32m~~~~~~~~~~[0m

  Error occurs in the template of component PortfolioHomeComponent.

    src/app/pages/portfolio-home.component.ts:33:15:
[37m      33 │   templateUrl: [32m'./portfolio-home.component.html'[37m,
         ╵                [32m~~~~~~~~~~~~~~~~~~~~~~~~~~~~~~~~~[0m


[31mX [41;31m[[41;97mERROR[41;31m][0m [1mNG5002: Parser Error: Conditional expression portfolioTrendHoveredPoint ? portfolioTrendHoveredPoint.profitEuros | number:'1.2-2' : portfolioTrendValueLabel requires all 3 expressions at the end of the expression [ {{ portfolioTrendHoveredPoint ? portfolioTrendHoveredPoint.profitEuros | number:'1.2-2' : portfolioTrendValueLabel }} ] in C:\Users\jorge\OneDrive\workspace\angular-app23\angular-app\src\app\pages\portfolio-home.component.html@115:14[0m [1m[35m[plugin angular-compiler][0m

    src/app/pages/portfolio-home.component.html:159:29:
[37m      159 │                 (mousemove)="[32monPortfolioTrendHover($event)[37m"
          ╵                              [32m~~~~~~~~~~~~~~~~~~~~~~~~~~~~~[0m

  Error occurs in the template of component PortfolioHomeComponent.

    src/app/pages/portfolio-home.component.ts:33:15:
[37m      33 │   templateUrl: [32m'./portfolio-home.component.html'[37m,
         ╵                [32m~~~~~~~~~~~~~~~~~~~~~~~~~~~~~~~~~[0m


[31mX [41;31m[[41;97mERROR[41;31m][0m [1mNG5002: Parser Error: Conditional expression portfolioTrendHoveredPoint ? portfolioTrendHoveredPoint.profitEuros | number:'1.2-2' : portfolioTrendValueLabel requires all 3 expressions at the end of the expression [ {{ portfolioTrendHoveredPoint ? portfolioTrendHoveredPoint.profitEuros | number:'1.2-2' : portfolioTrendValueLabel }} ] in C:\Users\jorge\OneDrive\workspace\angular-app23\angular-app\src\app\pages\portfolio-home.component.html@115:14[0m [1m[35m[plugin angular-compiler][0m

    src/app/pages/portfolio-home.component.html:160:30:
[37m      160 │                 (mouseleave)="[32monPortfolioTrendLeave()[37m"
          ╵                               [32m~~~~~~~~~~~~~~~~~~~~~~~[0m

  Error occurs in the template of component PortfolioHomeComponent.

    src/app/pages/portfolio-home.component.ts:33:15:
[37m      33 │   templateUrl: [32m'./portfolio-home.component.html'[37m,
         ╵                [32m~~~~~~~~~~~~~~~~~~~~~~~~~~~~~~~~~[0m


[31mX [41;31m[[41;97mERROR[41;31m][0m [1mNG5002: Parser Error: Conditional expression portfolioTrendHoveredPoint ? portfolioTrendHoveredPoint.profitEuros | number:'1.2-2' : portfolioTrendValueLabel requires all 3 expressions at the end of the expression [ {{ portfolioTrendHoveredPoint ? portfolioTrendHoveredPoint.profitEuros | number:'1.2-2' : portfolioTrendValueLabel }} ] in C:\Users\jorge\OneDrive\workspace\angular-app23\angular-app\src\app\pages\portfolio-home.component.html@115:14[0m [1m[35m[plugin angular-compiler][0m

    src/app/pages/portfolio-home.component.html:163:41:
[37m      163 │ ...polyline [attr.points]="[32mportfolioTrendPolylinePoints[37m"></polyline>
          ╵                            [32m~~~~~~~~~~~~~~~~~~~~~~~~~~~~[0m

  Error occurs in the template of component PortfolioHomeComponent.

    src/app/pages/portfolio-home.component.ts:33:15:
[37m      33 │   templateUrl: [32m'./portfolio-home.component.html'[37m,
         ╵                [32m~~~~~~~~~~~~~~~~~~~~~~~~~~~~~~~~~[0m


[31mX [41;31m[[41;97mERROR[41;31m][0m [1mNG5002: Parser Error: Conditional expression portfolioTrendHoveredPoint ? portfolioTrendHoveredPoint.profitEuros | number:'1.2-2' : portfolioTrendValueLabel requires all 3 expressions at the end of the expression [ {{ portfolioTrendHoveredPoint ? portfolioTrendHoveredPoint.profitEuros | number:'1.2-2' : portfolioTrendValueLabel }} ] in C:\Users\jorge\OneDrive\workspace\angular-app23\angular-app\src\app\pages\portfolio-home.component.html@115:14[0m [1m[35m[plugin angular-compiler][0m

    src/app/pages/portfolio-home.component.html:165:19:
[37m      165 │               @if ([32mportfolioTrendHoveredPoint[37m) {
          ╵                    [32m~~~~~~~~~~~~~~~~~~~~~~~~~~[0m

  Error occurs in the template of component PortfolioHomeComponent.

    src/app/pages/portfolio-home.component.ts:33:15:
[37m      33 │   templateUrl: [32m'./portfolio-home.component.html'[37m,
         ╵                [32m~~~~~~~~~~~~~~~~~~~~~~~~~~~~~~~~~[0m


[31mX [41;31m[[41;97mERROR[41;31m][0m [1mNG5002: Parser Error: Conditional expression portfolioTrendHoveredPoint ? portfolioTrendHoveredPoint.profitEuros | number:'1.2-2' : portfolioTrendValueLabel requires all 3 expressions at the end of the expression [ {{ portfolioTrendHoveredPoint ? portfolioTrendHoveredPoint.profitEuros | number:'1.2-2' : portfolioTrendValueLabel }} ] in C:\Users\jorge\OneDrive\workspace\angular-app23\angular-app\src\app\pages\portfolio-home.component.html@115:14[0m [1m[35m[plugin angular-compiler][0m

    src/app/pages/portfolio-home.component.html:166:69:
[37m      166 │ ...p" [style.left.%]="[32mportfolioTrendTooltipLeft[37m" [style.top.%]="p...
          ╵                       [32m~~~~~~~~~~~~~~~~~~~~~~~~~[0m

  Error occurs in the template of component PortfolioHomeComponent.

    src/app/pages/portfolio-home.component.ts:33:15:
[37m      33 │   templateUrl: [32m'./portfolio-home.component.html'[37m,
         ╵                [32m~~~~~~~~~~~~~~~~~~~~~~~~~~~~~~~~~[0m


[31mX [41;31m[[41;97mERROR[41;31m][0m [1mNG5002: Parser Error: Conditional expression portfolioTrendHoveredPoint ? portfolioTrendHoveredPoint.profitEuros | number:'1.2-2' : portfolioTrendValueLabel requires all 3 expressions at the end of the expression [ {{ portfolioTrendHoveredPoint ? portfolioTrendHoveredPoint.profitEuros | number:'1.2-2' : portfolioTrendValueLabel }} ] in C:\Users\jorge\OneDrive\workspace\angular-app23\angular-app\src\app\pages\portfolio-home.component.html@115:14[0m [1m[35m[plugin angular-compiler][0m

    src/app/pages/portfolio-home.component.html:166:111:
[37m      166 │ ...tfolioTrendTooltipLeft" [style.top.%]="[32mportfolioTrendTooltipTop[37m">
          ╵                                           [32m~~~~~~~~~~~~~~~~~~~~~~~~[0m

  Error occurs in the template of component PortfolioHomeComponent.

    src/app/pages/portfolio-home.component.ts:33:15:
[37m      33 │   templateUrl: [32m'./portfolio-home.component.html'[37m,
         ╵                [32m~~~~~~~~~~~~~~~~~~~~~~~~~~~~~~~~~[0m


[31mX [41;31m[[41;97mERROR[41;31m][0m [1mNG5002: Parser Error: Conditional expression portfolioTrendHoveredPoint ? portfolioTrendHoveredPoint.profitEuros | number:'1.2-2' : portfolioTrendValueLabel requires all 3 expressions at the end of the expression [ {{ portfolioTrendHoveredPoint ? portfolioTrendHoveredPoint.profitEuros | number:'1.2-2' : portfolioTrendValueLabel }} ] in C:\Users\jorge\OneDrive\workspace\angular-app23\angular-app\src\app\pages\portfolio-home.component.html@115:14[0m [1m[35m[plugin angular-compiler][0m

    src/app/pages/portfolio-home.component.html:167:24:
[37m      167 │ ...    <span>[32m{{ portfolioTrendHoveredPoint.date | date:'dd/MM/yyy[37m...
          ╵              [32m~~~~~~~~~~~~~~~~~~~~~~~~~~~~~~~~~~~~~~~~~~~~~~~~~~~~[0m

  Error occurs in the template of component PortfolioHomeComponent.

    src/app/pages/portfolio-home.component.ts:33:15:
[37m      33 │   templateUrl: [32m'./portfolio-home.component.html'[37m,
         ╵                [32m~~~~~~~~~~~~~~~~~~~~~~~~~~~~~~~~~[0m


[31mX [41;31m[[41;97mERROR[41;31m][0m [1mNG5002: Parser Error: Conditional expression portfolioTrendHoveredPoint ? portfolioTrendHoveredPoint.profitEuros | number:'1.2-2' : portfolioTrendValueLabel requires all 3 expressions at the end of the expression [ {{ portfolioTrendHoveredPoint ? portfolioTrendHoveredPoint.profitEuros | number:'1.2-2' : portfolioTrendValueLabel }} ] in C:\Users\jorge\OneDrive\workspace\angular-app23\angular-app\src\app\pages\portfolio-home.component.html@115:14[0m [1m[35m[plugin angular-compiler][0m

    src/app/pages/portfolio-home.component.html:168:26:
[37m      168 │ ...  <strong>[32m{{ portfolioTrendHoveredPoint.profitEuros | number:'[37m...
          ╵              [32m~~~~~~~~~~~~~~~~~~~~~~~~~~~~~~~~~~~~~~~~~~~~~~~~~~~~[0m

  Error occurs in the template of component PortfolioHomeComponent.

    src/app/pages/portfolio-home.component.ts:33:15:
[37m      33 │   templateUrl: [32m'./portfolio-home.component.html'[37m,
         ╵                [32m~~~~~~~~~~~~~~~~~~~~~~~~~~~~~~~~~[0m


[31mX [41;31m[[41;97mERROR[41;31m][0m [1mNG5002: Parser Error: Conditional expression portfolioTrendHoveredPoint ? portfolioTrendHoveredPoint.profitEuros | number:'1.2-2' : portfolioTrendValueLabel requires all 3 expressions at the end of the expression [ {{ portfolioTrendHoveredPoint ? portfolioTrendHoveredPoint.profitEuros | number:'1.2-2' : portfolioTrendValueLabel }} ] in C:\Users\jorge\OneDrive\workspace\angular-app23\angular-app\src\app\pages\portfolio-home.component.html@115:14[0m [1m[35m[plugin angular-compiler][0m

    src/app/pages/portfolio-home.component.html:172:34:
[37m      172 │                   [style.left.%]="[32mportfolioTrendHoveredPoint.x[37m"
          ╵                                   [32m~~~~~~~~~~~~~~~~~~~~~~~~~~~~[0m

  Error occurs in the template of component PortfolioHomeComponent.

    src/app/pages/portfolio-home.component.ts:33:15:
[37m      33 │   templateUrl: [32m'./portfolio-home.component.html'[37m,
         ╵                [32m~~~~~~~~~~~~~~~~~~~~~~~~~~~~~~~~~[0m


[31mX [41;31m[[41;97mERROR[41;31m][0m [1mNG5002: Parser Error: Conditional expression portfolioTrendHoveredPoint ? portfolioTrendHoveredPoint.profitEuros | number:'1.2-2' : portfolioTrendValueLabel requires all 3 expressions at the end of the expression [ {{ portfolioTrendHoveredPoint ? portfolioTrendHoveredPoint.profitEuros | number:'1.2-2' : portfolioTrendValueLabel }} ] in C:\Users\jorge\OneDrive\workspace\angular-app23\angular-app\src\app\pages\portfolio-home.component.html@115:14[0m [1m[35m[plugin angular-compiler][0m

    src/app/pages/portfolio-home.component.html:173:33:
[37m      173 │                   [style.top.%]="[32mportfolioTrendHoveredPoint.y[37m"
          ╵                                  [32m~~~~~~~~~~~~~~~~~~~~~~~~~~~~[0m

  Error occurs in the template of component PortfolioHomeComponent.

    src/app/pages/portfolio-home.component.ts:33:15:
[37m      33 │   templateUrl: [32m'./portfolio-home.component.html'[37m,
         ╵                [32m~~~~~~~~~~~~~~~~~~~~~~~~~~~~~~~~~[0m


[31mX [41;31m[[41;97mERROR[41;31m][0m [1mNG5002: Parser Error: Conditional expression portfolioTrendHoveredPoint ? portfolioTrendHoveredPoint.profitEuros | number:'1.2-2' : portfolioTrendValueLabel requires all 3 expressions at the end of the expression [ {{ portfolioTrendHoveredPoint ? portfolioTrendHoveredPoint.profitEuros | number:'1.2-2' : portfolioTrendValueLabel }} ] in C:\Users\jorge\OneDrive\workspace\angular-app23\angular-app\src\app\pages\portfolio-home.component.html@115:14[0m [1m[35m[plugin angular-compiler][0m

    src/app/pages/portfolio-home.component.html:181:20:
[37m      181 │               @for ([32mtick of portfolioTrendXTicks[37m; track tick.labe...
          ╵                     [32m~~~~~~~~~~~~~~~~~~~~~~~~~~~~[0m

  Error occurs in the template of component PortfolioHomeComponent.

    src/app/pages/portfolio-home.component.ts:33:15:
[37m      33 │   templateUrl: [32m'./portfolio-home.component.html'[37m,
         ╵                [32m~~~~~~~~~~~~~~~~~~~~~~~~~~~~~~~~~[0m


[31mX [41;31m[[41;97mERROR[41;31m][0m [1mNG5002: Parser Error: Conditional expression portfolioTrendHoveredPoint ? portfolioTrendHoveredPoint.profitEuros | number:'1.2-2' : portfolioTrendValueLabel requires all 3 expressions at the end of the expression [ {{ portfolioTrendHoveredPoint ? portfolioTrendHoveredPoint.profitEuros | number:'1.2-2' : portfolioTrendValueLabel }} ] in C:\Users\jorge\OneDrive\workspace\angular-app23\angular-app\src\app\pages\portfolio-home.component.html@115:14[0m [1m[35m[plugin angular-compiler][0m

    src/app/pages/portfolio-home.component.html:181:50:
[37m      181 │ ...tick of portfolioTrendXTicks; [32mtrack tick.label + tick.position[37m) {
          ╵                                  [32m~~~~~~~~~~~~~~~~~~~~~~~~~~~~~~~~[0m

  Error occurs in the template of component PortfolioHomeComponent.

    src/app/pages/portfolio-home.component.ts:33:15:
[37m      33 │   templateUrl: [32m'./portfolio-home.component.html'[37m,
         ╵                [32m~~~~~~~~~~~~~~~~~~~~~~~~~~~~~~~~~[0m


[31mX [41;31m[[41;97mERROR[41;31m][0m [1mNG5002: Parser Error: Conditional expression portfolioTrendHoveredPoint ? portfolioTrendHoveredPoint.profitEuros | number:'1.2-2' : portfolioTrendValueLabel requires all 3 expressions at the end of the expression [ {{ portfolioTrendHoveredPoint ? portfolioTrendHoveredPoint.profitEuros | number:'1.2-2' : portfolioTrendValueLabel }} ] in C:\Users\jorge\OneDrive\workspace\angular-app23\angular-app\src\app\pages\portfolio-home.component.html@115:14[0m [1m[35m[plugin angular-compiler][0m

    src/app/pages/portfolio-home.component.html:182:38:
[37m      182 │ ...     <span [style.left.%]="[32mtick.position[37m">{{ tick.label }}</span>
          ╵                               [32m~~~~~~~~~~~~~[0m

  Error occurs in the template of component PortfolioHomeComponent.

    src/app/pages/portfolio-home.component.ts:33:15:
[37m      33 │   templateUrl: [32m'./portfolio-home.component.html'[37m,
         ╵                [32m~~~~~~~~~~~~~~~~~~~~~~~~~~~~~~~~~[0m


[31mX [41;31m[[41;97mERROR[41;31m][0m [1mNG5002: Parser Error: Conditional expression portfolioTrendHoveredPoint ? portfolioTrendHoveredPoint.profitEuros | number:'1.2-2' : portfolioTrendValueLabel requires all 3 expressions at the end of the expression [ {{ portfolioTrendHoveredPoint ? portfolioTrendHoveredPoint.profitEuros | number:'1.2-2' : portfolioTrendValueLabel }} ] in C:\Users\jorge\OneDrive\workspace\angular-app23\angular-app\src\app\pages\portfolio-home.component.html@115:14[0m [1m[35m[plugin angular-compiler][0m

    src/app/pages/portfolio-home.component.html:182:53:
[37m      182 │ ...     <span [style.left.%]="tick.position">[32m{{ tick.label }}[37m</span>
          ╵                                              [32m~~~~~~~~~~~~~~~~[0m

  Error occurs in the template of component PortfolioHomeComponent.

    src/app/pages/portfolio-home.component.ts:33:15:
[37m      33 │   templateUrl: [32m'./portfolio-home.component.html'[37m,
         ╵                [32m~~~~~~~~~~~~~~~~~~~~~~~~~~~~~~~~~[0m


[31mX [41;31m[[41;97mERROR[41;31m][0m [1mNG5002: Parser Error: Conditional expression portfolioTrendHoveredPoint ? portfolioTrendHoveredPoint.profitEuros | number:'1.2-2' : portfolioTrendValueLabel requires all 3 expressions at the end of the expression [ {{ portfolioTrendHoveredPoint ? portfolioTrendHoveredPoint.profitEuros | number:'1.2-2' : portfolioTrendValueLabel }} ] in C:\Users\jorge\OneDrive\workspace\angular-app23\angular-app\src\app\pages\portfolio-home.component.html@115:14[0m [1m[35m[plugin angular-compiler][0m

    src/app/pages/portfolio-home.component.html:192:14:
[37m      192 │         @for ([32msection of filteredSections[37m; track trackBySection($...
          ╵               [32m~~~~~~~~~~~~~~~~~~~~~~~~~~~[0m

  Error occurs in the template of component PortfolioHomeComponent.

    src/app/pages/portfolio-home.component.ts:33:15:
[37m      33 │   templateUrl: [32m'./portfolio-home.component.html'[37m,
         ╵                [32m~~~~~~~~~~~~~~~~~~~~~~~~~~~~~~~~~[0m


[31mX [41;31m[[41;97mERROR[41;31m][0m [1mNG5002: Parser Error: Conditional expression portfolioTrendHoveredPoint ? portfolioTrendHoveredPoint.profitEuros | number:'1.2-2' : portfolioTrendValueLabel requires all 3 expressions at the end of the expression [ {{ portfolioTrendHoveredPoint ? portfolioTrendHoveredPoint.profitEuros | number:'1.2-2' : portfolioTrendValueLabel }} ] in C:\Users\jorge\OneDrive\workspace\angular-app23\angular-app\src\app\pages\portfolio-home.component.html@115:14[0m [1m[35m[plugin angular-compiler][0m

    src/app/pages/portfolio-home.component.html:192:43:
[37m      192 │ ...ion of filteredSections; [32mtrack trackBySection($index, section)[37m) {
          ╵                             [32m~~~~~~~~~~~~~~~~~~~~~~~~~~~~~~~~~~~~~[0m

  Error occurs in the template of component PortfolioHomeComponent.

    src/app/pages/portfolio-home.component.ts:33:15:
[37m      33 │   templateUrl: [32m'./portfolio-home.component.html'[37m,
         ╵                [32m~~~~~~~~~~~~~~~~~~~~~~~~~~~~~~~~~[0m


[31mX [41;31m[[41;97mERROR[41;31m][0m [1mNG5002: Parser Error: Conditional expression portfolioTrendHoveredPoint ? portfolioTrendHoveredPoint.profitEuros | number:'1.2-2' : portfolioTrendValueLabel requires all 3 expressions at the end of the expression [ {{ portfolioTrendHoveredPoint ? portfolioTrendHoveredPoint.profitEuros | number:'1.2-2' : portfolioTrendValueLabel }} ] in C:\Users\jorge\OneDrive\workspace\angular-app23\angular-app\src\app\pages\portfolio-home.component.html@115:14[0m [1m[35m[plugin angular-compiler][0m

    src/app/pages/portfolio-home.component.html:196:35:
[37m      196 │                 <p class="eyebrow">[32m{{ section.title }}[37m</p>
          ╵                                    [32m~~~~~~~~~~~~~~~~~~~[0m

  Error occurs in the template of component PortfolioHomeComponent.

    src/app/pages/portfolio-home.component.ts:33:15:
[37m      33 │   templateUrl: [32m'./portfolio-home.component.html'[37m,
         ╵                [32m~~~~~~~~~~~~~~~~~~~~~~~~~~~~~~~~~[0m


[31mX [41;31m[[41;97mERROR[41;31m][0m [1mNG5002: Parser Error: Conditional expression portfolioTrendHoveredPoint ? portfolioTrendHoveredPoint.profitEuros | number:'1.2-2' : portfolioTrendValueLabel requires all 3 expressions at the end of the expression [ {{ portfolioTrendHoveredPoint ? portfolioTrendHoveredPoint.profitEuros | number:'1.2-2' : portfolioTrendValueLabel }} ] in C:\Users\jorge\OneDrive\workspace\angular-app23\angular-app\src\app\pages\portfolio-home.component.html@115:14[0m [1m[35m[plugin angular-compiler][0m

    src/app/pages/portfolio-home.component.html:197:20:
[37m      197 │ ...      <h2>[32m{{ section.title === 'FONDOS' ? 'Fondos de inversion[37m...
          ╵              [32m~~~~~~~~~~~~~~~~~~~~~~~~~~~~~~~~~~~~~~~~~~~~~~~~~~~~[0m

  Error occurs in the template of component PortfolioHomeComponent.

    src/app/pages/portfolio-home.component.ts:33:15:
[37m      33 │   templateUrl: [32m'./portfolio-home.component.html'[37m,
         ╵                [32m~~~~~~~~~~~~~~~~~~~~~~~~~~~~~~~~~[0m


[31mX [41;31m[[41;97mERROR[41;31m][0m [1mNG5002: Parser Error: Conditional expression portfolioTrendHoveredPoint ? portfolioTrendHoveredPoint.profitEuros | number:'1.2-2' : portfolioTrendValueLabel requires all 3 expressions at the end of the expression [ {{ portfolioTrendHoveredPoint ? portfolioTrendHoveredPoint.profitEuros | number:'1.2-2' : portfolioTrendValueLabel }} ] in C:\Users\jorge\OneDrive\workspace\angular-app23\angular-app\src\app\pages\portfolio-home.component.html@115:14[0m [1m[35m[plugin angular-compiler][0m

    src/app/pages/portfolio-home.component.html:200:21:
[37m      200 │                 @if ([32msection.title === 'FONDOS'[37m) {
          ╵                      [32m~~~~~~~~~~~~~~~~~~~~~~~~~~[0m

  Error occurs in the template of component PortfolioHomeComponent.

    src/app/pages/portfolio-home.component.ts:33:15:
[37m      33 │   templateUrl: [32m'./portfolio-home.component.html'[37m,
         ╵                [32m~~~~~~~~~~~~~~~~~~~~~~~~~~~~~~~~~[0m


[31mX [41;31m[[41;97mERROR[41;31m][0m [1mNG5002: Parser Error: Conditional expression portfolioTrendHoveredPoint ? portfolioTrendHoveredPoint.profitEuros | number:'1.2-2' : portfolioTrendValueLabel requires all 3 expressions at the end of the expression [ {{ portfolioTrendHoveredPoint ? portfolioTrendHoveredPoint.profitEuros | number:'1.2-2' : portfolioTrendValueLabel }} ] in C:\Users\jorge\OneDrive\workspace\angular-app23\angular-app\src\app\pages\portfolio-home.component.html@115:14[0m [1m[35m[plugin angular-compiler][0m

    src/app/pages/portfolio-home.component.html:201:69:
[37m      201 │ ...type="button" class="edit-toggle" (click)="[32mtoggleFundEditMode()[37m">
          ╵                                               [32m~~~~~~~~~~~~~~~~~~~~[0m

  Error occurs in the template of component PortfolioHomeComponent.

    src/app/pages/portfolio-home.component.ts:33:15:
[37m      33 │   templateUrl: [32m'./portfolio-home.component.html'[37m,
         ╵                [32m~~~~~~~~~~~~~~~~~~~~~~~~~~~~~~~~~[0m


[31mX [41;31m[[41;97mERROR[41;31m][0m [1mNG5002: Parser Error: Conditional expression portfolioTrendHoveredPoint ? portfolioTrendHoveredPoint.profitEuros | number:'1.2-2' : portfolioTrendValueLabel requires all 3 expressions at the end of the expression [ {{ portfolioTrendHoveredPoint ? portfolioTrendHoveredPoint.profitEuros | number:'1.2-2' : portfolioTrendValueLabel }} ] in C:\Users\jorge\OneDrive\workspace\angular-app23\angular-app\src\app\pages\portfolio-home.component.html@115:14[0m [1m[35m[plugin angular-compiler][0m

    src/app/pages/portfolio-home.component.html:207:20:
[37m      207 │ ...               [32m{{ isFundEditMode ? 'Cerrar edicion' : 'Editar' }}[37m
          ╵                   [32m~~~~~~~~~~~~~~~~~~~~~~~~~~~~~~~~~~~~~~~~~~~~~~~~~~[0m

  Error occurs in the template of component PortfolioHomeComponent.

    src/app/pages/portfolio-home.component.ts:33:15:
[37m      33 │   templateUrl: [32m'./portfolio-home.component.html'[37m,
         ╵                [32m~~~~~~~~~~~~~~~~~~~~~~~~~~~~~~~~~[0m


[31mX [41;31m[[41;97mERROR[41;31m][0m [1mNG5002: Parser Error: Conditional expression portfolioTrendHoveredPoint ? portfolioTrendHoveredPoint.profitEuros | number:'1.2-2' : portfolioTrendValueLabel requires all 3 expressions at the end of the expression [ {{ portfolioTrendHoveredPoint ? portfolioTrendHoveredPoint.profitEuros | number:'1.2-2' : portfolioTrendValueLabel }} ] in C:\Users\jorge\OneDrive\workspace\angular-app23\angular-app\src\app\pages\portfolio-home.component.html@115:14[0m [1m[35m[plugin angular-compiler][0m

    src/app/pages/portfolio-home.component.html:209:90:
[37m      209 │ ...="edit-toggle edit-toggle--primary" (click)="[32mopenAddFundModal()[37m">
          ╵                                                 [32m~~~~~~~~~~~~~~~~~~[0m

  Error occurs in the template of component PortfolioHomeComponent.

    src/app/pages/portfolio-home.component.ts:33:15:
[37m      33 │   templateUrl: [32m'./portfolio-home.component.html'[37m,
         ╵                [32m~~~~~~~~~~~~~~~~~~~~~~~~~~~~~~~~~[0m


[31mX [41;31m[[41;97mERROR[41;31m][0m [1mNG5002: Parser Error: Conditional expression portfolioTrendHoveredPoint ? portfolioTrendHoveredPoint.profitEuros | number:'1.2-2' : portfolioTrendValueLabel requires all 3 expressions at the end of the expression [ {{ portfolioTrendHoveredPoint ? portfolioTrendHoveredPoint.profitEuros | number:'1.2-2' : portfolioTrendValueLabel }} ] in C:\Users\jorge\OneDrive\workspace\angular-app23\angular-app\src\app\pages\portfolio-home.component.html@115:14[0m [1m[35m[plugin angular-compiler][0m

    src/app/pages/portfolio-home.component.html:216:38:
[37m      216 │ ..."counter">[32m{{ getSectionTotalRows(section) }} posiciones visibl[37m...
          ╵              [32m~~~~~~~~~~~~~~~~~~~~~~~~~~~~~~~~~~~~~~~~~~~~~~~~~~~~[0m

  Error occurs in the template of component PortfolioHomeComponent.

    src/app/pages/portfolio-home.component.ts:33:15:
[37m      33 │   templateUrl: [32m'./portfolio-home.component.html'[37m,
         ╵                [32m~~~~~~~~~~~~~~~~~~~~~~~~~~~~~~~~~[0m


[31mX [41;31m[[41;97mERROR[41;31m][0m [1mNG5002: Parser Error: Conditional expression portfolioTrendHoveredPoint ? portfolioTrendHoveredPoint.profitEuros | number:'1.2-2' : portfolioTrendValueLabel requires all 3 expressions at the end of the expression [ {{ portfolioTrendHoveredPoint ? portfolioTrendHoveredPoint.profitEuros | number:'1.2-2' : portfolioTrendValueLabel }} ] in C:\Users\jorge\OneDrive\workspace\angular-app23\angular-app\src\app\pages\portfolio-home.component.html@115:14[0m [1m[35m[plugin angular-compiler][0m

    src/app/pages/portfolio-home.component.html:220:17:
[37m      220 │             @if ([32msection.totals[37m) {
          ╵                  [32m~~~~~~~~~~~~~~[0m

  Error occurs in the template of component PortfolioHomeComponent.

    src/app/pages/portfolio-home.component.ts:33:15:
[37m      33 │   templateUrl: [32m'./portfolio-home.component.html'[37m,
         ╵                [32m~~~~~~~~~~~~~~~~~~~~~~~~~~~~~~~~~[0m


[31mX [41;31m[[41;97mERROR[41;31m][0m [1mNG5002: Parser Error: Conditional expression portfolioTrendHoveredPoint ? portfolioTrendHoveredPoint.profitEuros | number:'1.2-2' : portfolioTrendValueLabel requires all 3 expressions at the end of the expression [ {{ portfolioTrendHoveredPoint ? portfolioTrendHoveredPoint.profitEuros | number:'1.2-2' : portfolioTrendValueLabel }} ] in C:\Users\jorge\OneDrive\workspace\angular-app23\angular-app\src\app\pages\portfolio-home.component.html@115:14[0m [1m[35m[plugin angular-compiler][0m

    src/app/pages/portfolio-home.component.html:224:26:
[37m      224 │ ...              <strong>[32m{{ section.totals.totalInvested }}[37m</strong>
          ╵                          [32m~~~~~~~~~~~~~~~~~~~~~~~~~~~~~~~~~~[0m

  Error occurs in the template of component PortfolioHomeComponent.

    src/app/pages/portfolio-home.component.ts:33:15:
[37m      33 │   templateUrl: [32m'./portfolio-home.component.html'[37m,
         ╵                [32m~~~~~~~~~~~~~~~~~~~~~~~~~~~~~~~~~[0m


[31mX [41;31m[[41;97mERROR[41;31m][0m [1mNG5002: Parser Error: Conditional expression portfolioTrendHoveredPoint ? portfolioTrendHoveredPoint.profitEuros | number:'1.2-2' : portfolioTrendValueLabel requires all 3 expressions at the end of the expression [ {{ portfolioTrendHoveredPoint ? portfolioTrendHoveredPoint.profitEuros | number:'1.2-2' : portfolioTrendValueLabel }} ] in C:\Users\jorge\OneDrive\workspace\angular-app23\angular-app\src\app\pages\portfolio-home.component.html@115:14[0m [1m[35m[plugin angular-compiler][0m

    src/app/pages/portfolio-home.component.html:228:26:
[37m      228 │ ...             <strong>[32m{{ section.totals.totalValuation }}[37m</strong>
          ╵                         [32m~~~~~~~~~~~~~~~~~~~~~~~~~~~~~~~~~~~[0m

  Error occurs in the template of component PortfolioHomeComponent.

    src/app/pages/portfolio-home.component.ts:33:15:
[37m      33 │   templateUrl: [32m'./portfolio-home.component.html'[37m,
         ╵                [32m~~~~~~~~~~~~~~~~~~~~~~~~~~~~~~~~~[0m


[31mX [41;31m[[41;97mERROR[41;31m][0m [1mNG5002: Parser Error: Conditional expression portfolioTrendHoveredPoint ? portfolioTrendHoveredPoint.profitEuros | number:'1.2-2' : portfolioTrendValueLabel requires all 3 expressions at the end of the expression [ {{ portfolioTrendHoveredPoint ? portfolioTrendHoveredPoint.profitEuros | number:'1.2-2' : portfolioTrendValueLabel }} ] in C:\Users\jorge\OneDrive\workspace\angular-app23\angular-app\src\app\pages\portfolio-home.component.html@115:14[0m [1m[35m[plugin angular-compiler][0m

    src/app/pages/portfolio-home.component.html:233:38:
[37m      233 │ ...           [class.negative]="[32msection.totals.profitEurosValue < 0[37m"
          ╵                                 [32m~~~~~~~~~~~~~~~~~~~~~~~~~~~~~~~~~~~[0m

  Error occurs in the template of component PortfolioHomeComponent.

    src/app/pages/portfolio-home.component.ts:33:15:
[37m      33 │   templateUrl: [32m'./portfolio-home.component.html'[37m,
         ╵                [32m~~~~~~~~~~~~~~~~~~~~~~~~~~~~~~~~~[0m


[31mX [41;31m[[41;97mERROR[41;31m][0m [1mNG5002: Parser Error: Conditional expression portfolioTrendHoveredPoint ? portfolioTrendHoveredPoint.profitEuros | number:'1.2-2' : portfolioTrendValueLabel requires all 3 expressions at the end of the expression [ {{ portfolioTrendHoveredPoint ? portfolioTrendHoveredPoint.profitEuros | number:'1.2-2' : portfolioTrendValueLabel }} ] in C:\Users\jorge\OneDrive\workspace\angular-app23\angular-app\src\app\pages\portfolio-home.component.html@115:14[0m [1m[35m[plugin angular-compiler][0m

    src/app/pages/portfolio-home.component.html:234:38:
[37m      234 │ ...           [class.positive]="[32msection.totals.profitEurosValue > 0[37m"
          ╵                                 [32m~~~~~~~~~~~~~~~~~~~~~~~~~~~~~~~~~~~[0m

  Error occurs in the template of component PortfolioHomeComponent.

    src/app/pages/portfolio-home.component.ts:33:15:
[37m      33 │   templateUrl: [32m'./portfolio-home.component.html'[37m,
         ╵                [32m~~~~~~~~~~~~~~~~~~~~~~~~~~~~~~~~~[0m


[31mX [41;31m[[41;97mERROR[41;31m][0m [1mNG5002: Parser Error: Conditional expression portfolioTrendHoveredPoint ? portfolioTrendHoveredPoint.profitEuros | number:'1.2-2' : portfolioTrendValueLabel requires all 3 expressions at the end of the expression [ {{ portfolioTrendHoveredPoint ? portfolioTrendHoveredPoint.profitEuros | number:'1.2-2' : portfolioTrendValueLabel }} ] in C:\Users\jorge\OneDrive\workspace\angular-app23\angular-app\src\app\pages\portfolio-home.component.html@115:14[0m [1m[35m[plugin angular-compiler][0m

    src/app/pages/portfolio-home.component.html:235:19:
[37m      235 │                   >[32m{{ section.totals.profitEuros }}[37m</strong>
          ╵                    [32m~~~~~~~~~~~~~~~~~~~~~~~~~~~~~~~~[0m

  Error occurs in the template of component PortfolioHomeComponent.

    src/app/pages/portfolio-home.component.ts:33:15:
[37m      33 │   templateUrl: [32m'./portfolio-home.component.html'[37m,
         ╵                [32m~~~~~~~~~~~~~~~~~~~~~~~~~~~~~~~~~[0m


[31mX [41;31m[[41;97mERROR[41;31m][0m [1mNG5002: Parser Error: Conditional expression portfolioTrendHoveredPoint ? portfolioTrendHoveredPoint.profitEuros | number:'1.2-2' : portfolioTrendValueLabel requires all 3 expressions at the end of the expression [ {{ portfolioTrendHoveredPoint ? portfolioTrendHoveredPoint.profitEuros | number:'1.2-2' : portfolioTrendValueLabel }} ] in C:\Users\jorge\OneDrive\workspace\angular-app23\angular-app\src\app\pages\portfolio-home.component.html@115:14[0m [1m[35m[plugin angular-compiler][0m

    src/app/pages/portfolio-home.component.html:240:38:
[37m      240 │ ...           [class.negative]="[32msection.totals.totalReturnValue < 0[37m"
          ╵                                 [32m~~~~~~~~~~~~~~~~~~~~~~~~~~~~~~~~~~~[0m

  Error occurs in the template of component PortfolioHomeComponent.

    src/app/pages/portfolio-home.component.ts:33:15:
[37m      33 │   templateUrl: [32m'./portfolio-home.component.html'[37m,
         ╵                [32m~~~~~~~~~~~~~~~~~~~~~~~~~~~~~~~~~[0m


[31mX [41;31m[[41;97mERROR[41;31m][0m [1mNG5002: Parser Error: Conditional expression portfolioTrendHoveredPoint ? portfolioTrendHoveredPoint.profitEuros | number:'1.2-2' : portfolioTrendValueLabel requires all 3 expressions at the end of the expression [ {{ portfolioTrendHoveredPoint ? portfolioTrendHoveredPoint.profitEuros | number:'1.2-2' : portfolioTrendValueLabel }} ] in C:\Users\jorge\OneDrive\workspace\angular-app23\angular-app\src\app\pages\portfolio-home.component.html@115:14[0m [1m[35m[plugin angular-compiler][0m

    src/app/pages/portfolio-home.component.html:241:38:
[37m      241 │ ...           [class.positive]="[32msection.totals.totalReturnValue > 0[37m"
          ╵                                 [32m~~~~~~~~~~~~~~~~~~~~~~~~~~~~~~~~~~~[0m

  Error occurs in the template of component PortfolioHomeComponent.

    src/app/pages/portfolio-home.component.ts:33:15:
[37m      33 │   templateUrl: [32m'./portfolio-home.component.html'[37m,
         ╵                [32m~~~~~~~~~~~~~~~~~~~~~~~~~~~~~~~~~[0m


[31mX [41;31m[[41;97mERROR[41;31m][0m [1mNG5002: Parser Error: Conditional expression portfolioTrendHoveredPoint ? portfolioTrendHoveredPoint.profitEuros | number:'1.2-2' : portfolioTrendValueLabel requires all 3 expressions at the end of the expression [ {{ portfolioTrendHoveredPoint ? portfolioTrendHoveredPoint.profitEuros | number:'1.2-2' : portfolioTrendValueLabel }} ] in C:\Users\jorge\OneDrive\workspace\angular-app23\angular-app\src\app\pages\portfolio-home.component.html@115:14[0m [1m[35m[plugin angular-compiler][0m

    src/app/pages/portfolio-home.component.html:242:19:
[37m      242 │                   >[32m{{ section.totals.totalReturn || '-' }}[37m</strong>
          ╵                    [32m~~~~~~~~~~~~~~~~~~~~~~~~~~~~~~~~~~~~~~~[0m

  Error occurs in the template of component PortfolioHomeComponent.

    src/app/pages/portfolio-home.component.ts:33:15:
[37m      33 │   templateUrl: [32m'./portfolio-home.component.html'[37m,
         ╵                [32m~~~~~~~~~~~~~~~~~~~~~~~~~~~~~~~~~[0m


[31mX [41;31m[[41;97mERROR[41;31m][0m [1mNG5002: Parser Error: Conditional expression portfolioTrendHoveredPoint ? portfolioTrendHoveredPoint.profitEuros | number:'1.2-2' : portfolioTrendValueLabel requires all 3 expressions at the end of the expression [ {{ portfolioTrendHoveredPoint ? portfolioTrendHoveredPoint.profitEuros | number:'1.2-2' : portfolioTrendValueLabel }} ] in C:\Users\jorge\OneDrive\workspace\angular-app23\angular-app\src\app\pages\portfolio-home.component.html@115:14[0m [1m[35m[plugin angular-compiler][0m

    src/app/pages/portfolio-home.component.html:252:66:
[37m      252 │ ...s="cell-asset" role="button" (click)="[32msortBy('name')[37m">Activo</th>
          ╵                                          [32m~~~~~~~~~~~~~~[0m

  Error occurs in the template of component PortfolioHomeComponent.

    src/app/pages/portfolio-home.component.ts:33:15:
[37m      33 │   templateUrl: [32m'./portfolio-home.component.html'[37m,
         ╵                [32m~~~~~~~~~~~~~~~~~~~~~~~~~~~~~~~~~[0m


[31mX [41;31m[[41;97mERROR[41;31m][0m [1mNG5002: Parser Error: Conditional expression portfolioTrendHoveredPoint ? portfolioTrendHoveredPoint.profitEuros | number:'1.2-2' : portfolioTrendValueLabel requires all 3 expressions at the end of the expression [ {{ portfolioTrendHoveredPoint ? portfolioTrendHoveredPoint.profitEuros | number:'1.2-2' : portfolioTrendValueLabel }} ] in C:\Users\jorge\OneDrive\workspace\angular-app23\angular-app\src\app\pages\portfolio-home.component.html@115:14[0m [1m[35m[plugin angular-compiler][0m

    src/app/pages/portfolio-home.component.html:254:69:
[37m      254 │ ...le="button" (click)="[32msortBy('totalInvestedValue')[37m">Invertido</th>
          ╵                         [32m~~~~~~~~~~~~~~~~~~~~~~~~~~~~[0m

  Error occurs in the template of component PortfolioHomeComponent.

    src/app/pages/portfolio-home.component.ts:33:15:
[37m      33 │   templateUrl: [32m'./portfolio-home.component.html'[37m,
         ╵                [32m~~~~~~~~~~~~~~~~~~~~~~~~~~~~~~~~~[0m


[31mX [41;31m[[41;97mERROR[41;31m][0m [1mNG5002: Parser Error: Conditional expression portfolioTrendHoveredPoint ? portfolioTrendHoveredPoint.profitEuros | number:'1.2-2' : portfolioTrendValueLabel requires all 3 expressions at the end of the expression [ {{ portfolioTrendHoveredPoint ? portfolioTrendHoveredPoint.profitEuros | number:'1.2-2' : portfolioTrendValueLabel }} ] in C:\Users\jorge\OneDrive\workspace\angular-app23\angular-app\src\app\pages\portfolio-home.component.html@115:14[0m [1m[35m[plugin angular-compiler][0m

    src/app/pages/portfolio-home.component.html:255:67:
[37m      255 │ ...market" role="button" (click)="[32msortBy('marketDate')[37m">Mercado</th>
          ╵                                   [32m~~~~~~~~~~~~~~~~~~~~[0m

  Error occurs in the template of component PortfolioHomeComponent.

    src/app/pages/portfolio-home.component.ts:33:15:
[37m      33 │   templateUrl: [32m'./portfolio-home.component.html'[37m,
         ╵                [32m~~~~~~~~~~~~~~~~~~~~~~~~~~~~~~~~~[0m


[31mX [41;31m[[41;97mERROR[41;31m][0m [1mNG5002: Parser Error: Conditional expression portfolioTrendHoveredPoint ? portfolioTrendHoveredPoint.profitEuros | number:'1.2-2' : portfolioTrendValueLabel requires all 3 expressions at the end of the expression [ {{ portfolioTrendHoveredPoint ? portfolioTrendHoveredPoint.profitEuros | number:'1.2-2' : portfolioTrendValueLabel }} ] in C:\Users\jorge\OneDrive\workspace\angular-app23\angular-app\src\app\pages\portfolio-home.component.html@115:14[0m [1m[35m[plugin angular-compiler][0m

    src/app/pages/portfolio-home.component.html:256:70:
[37m      256 │ ...="button" (click)="[32msortBy('totalValuationValue')[37m">Valoracion</th>
          ╵                       [32m~~~~~~~~~~~~~~~~~~~~~~~~~~~~~[0m

  Error occurs in the template of component PortfolioHomeComponent.

    src/app/pages/portfolio-home.component.ts:33:15:
[37m      33 │   templateUrl: [32m'./portfolio-home.component.html'[37m,
         ╵                [32m~~~~~~~~~~~~~~~~~~~~~~~~~~~~~~~~~[0m


[31mX [41;31m[[41;97mERROR[41;31m][0m [1mNG5002: Parser Error: Conditional expression portfolioTrendHoveredPoint ? portfolioTrendHoveredPoint.profitEuros | number:'1.2-2' : portfolioTrendValueLabel requires all 3 expressions at the end of the expression [ {{ portfolioTrendHoveredPoint ? portfolioTrendHoveredPoint.profitEuros | number:'1.2-2' : portfolioTrendValueLabel }} ] in C:\Users\jorge\OneDrive\workspace\angular-app23\angular-app\src\app\pages\portfolio-home.component.html@115:14[0m [1m[35m[plugin angular-compiler][0m

    src/app/pages/portfolio-home.component.html:257:72:
[37m      257 │ ...e="button" (click)="[32msortBy('totalReturnValue')[37m">Rentabilidad</th>
          ╵                        [32m~~~~~~~~~~~~~~~~~~~~~~~~~~[0m

  Error occurs in the template of component PortfolioHomeComponent.

    src/app/pages/portfolio-home.component.ts:33:15:
[37m      33 │   templateUrl: [32m'./portfolio-home.component.html'[37m,
         ╵                [32m~~~~~~~~~~~~~~~~~~~~~~~~~~~~~~~~~[0m


[31mX [41;31m[[41;97mERROR[41;31m][0m [1mNG5002: Parser Error: Conditional expression portfolioTrendHoveredPoint ? portfolioTrendHoveredPoint.profitEuros | number:'1.2-2' : portfolioTrendValueLabel requires all 3 expressions at the end of the expression [ {{ portfolioTrendHoveredPoint ? portfolioTrendHoveredPoint.profitEuros | number:'1.2-2' : portfolioTrendValueLabel }} ] in C:\Users\jorge\OneDrive\workspace\angular-app23\angular-app\src\app\pages\portfolio-home.component.html@115:14[0m [1m[35m[plugin angular-compiler][0m

    src/app/pages/portfolio-home.component.html:261:24:
[37m      261 │                   @for ([32mrow of section.rows[37m; track trackByRow($in...
          ╵                         [32m~~~~~~~~~~~~~~~~~~~[0m

  Error occurs in the template of component PortfolioHomeComponent.

    src/app/pages/portfolio-home.component.ts:33:15:
[37m      33 │   templateUrl: [32m'./portfolio-home.component.html'[37m,
         ╵                [32m~~~~~~~~~~~~~~~~~~~~~~~~~~~~~~~~~[0m


[31mX [41;31m[[41;97mERROR[41;31m][0m [1mNG5002: Parser Error: Conditional expression portfolioTrendHoveredPoint ? portfolioTrendHoveredPoint.profitEuros | number:'1.2-2' : portfolioTrendValueLabel requires all 3 expressions at the end of the expression [ {{ portfolioTrendHoveredPoint ? portfolioTrendHoveredPoint.profitEuros | number:'1.2-2' : portfolioTrendValueLabel }} ] in C:\Users\jorge\OneDrive\workspace\angular-app23\angular-app\src\app\pages\portfolio-home.component.html@115:14[0m [1m[35m[plugin angular-compiler][0m

    src/app/pages/portfolio-home.component.html:261:45:
[37m      261 │ ...      @for (row of section.rows; [32mtrack trackByRow($index, row)[37m) {
          ╵                                     [32m~~~~~~~~~~~~~~~~~~~~~~~~~~~~~[0m

  Error occurs in the template of component PortfolioHomeComponent.

    src/app/pages/portfolio-home.component.ts:33:15:
[37m      33 │   templateUrl: [32m'./portfolio-home.component.html'[37m,
         ╵                [32m~~~~~~~~~~~~~~~~~~~~~~~~~~~~~~~~~[0m


[31mX [41;31m[[41;97mERROR[41;31m][0m [1mNG5002: Parser Error: Conditional expression portfolioTrendHoveredPoint ? portfolioTrendHoveredPoint.profitEuros | number:'1.2-2' : portfolioTrendValueLabel requires all 3 expressions at the end of the expression [ {{ portfolioTrendHoveredPoint ? portfolioTrendHoveredPoint.profitEuros | number:'1.2-2' : portfolioTrendValueLabel }} ] in C:\Users\jorge\OneDrive\workspace\angular-app23\angular-app\src\app\pages\portfolio-home.component.html@115:14[0m [1m[35m[plugin angular-compiler][0m

    src/app/pages/portfolio-home.component.html:266:40:
[37m      266 │                           [routerLink]="[32mgetDetailRoute(row)[37m"
          ╵                                         [32m~~~~~~~~~~~~~~~~~~~[0m

  Error occurs in the template of component PortfolioHomeComponent.

    src/app/pages/portfolio-home.component.ts:33:15:
[37m      33 │   templateUrl: [32m'./portfolio-home.component.html'[37m,
         ╵                [32m~~~~~~~~~~~~~~~~~~~~~~~~~~~~~~~~~[0m


[31mX [41;31m[[41;97mERROR[41;31m][0m [1mNG5002: Parser Error: Conditional expression portfolioTrendHoveredPoint ? portfolioTrendHoveredPoint.profitEuros | number:'1.2-2' : portfolioTrendValueLabel requires all 3 expressions at the end of the expression [ {{ portfolioTrendHoveredPoint ? portfolioTrendHoveredPoint.profitEuros | number:'1.2-2' : portfolioTrendValueLabel }} ] in C:\Users\jorge\OneDrive\workspace\angular-app23\angular-app\src\app\pages\portfolio-home.component.html@115:14[0m [1m[35m[plugin angular-compiler][0m

    src/app/pages/portfolio-home.component.html:267:45:
[37m      267 │ ...                 [attr.aria-label]="[32m'Abrir ficha de ' + row.name[37m"
          ╵                                        [32m~~~~~~~~~~~~~~~~~~~~~~~~~~~~[0m

  Error occurs in the template of component PortfolioHomeComponent.

    src/app/pages/portfolio-home.component.ts:33:15:
[37m      33 │   templateUrl: [32m'./portfolio-home.component.html'[37m,
         ╵                [32m~~~~~~~~~~~~~~~~~~~~~~~~~~~~~~~~~[0m


[31mX [41;31m[[41;97mERROR[41;31m][0m [1mNG5002: Parser Error: Conditional expression portfolioTrendHoveredPoint ? portfolioTrendHoveredPoint.profitEuros | number:'1.2-2' : portfolioTrendValueLabel requires all 3 expressions at the end of the expression [ {{ portfolioTrendHoveredPoint ? portfolioTrendHoveredPoint.profitEuros | number:'1.2-2' : portfolioTrendValueLabel }} ] in C:\Users\jorge\OneDrive\workspace\angular-app23\angular-app\src\app\pages\portfolio-home.component.html@115:14[0m [1m[35m[plugin angular-compiler][0m

    src/app/pages/portfolio-home.component.html:278:32:
[37m      278 │                         <strong>[32m{{ row.name }}[37m</strong>
          ╵                                 [32m~~~~~~~~~~~~~~[0m

  Error occurs in the template of component PortfolioHomeComponent.

    src/app/pages/portfolio-home.component.ts:33:15:
[37m      33 │   templateUrl: [32m'./portfolio-home.component.html'[37m,
         ╵                [32m~~~~~~~~~~~~~~~~~~~~~~~~~~~~~~~~~[0m


[31mX [41;31m[[41;97mERROR[41;31m][0m [1mNG5002: Parser Error: Conditional expression portfolioTrendHoveredPoint ? portfolioTrendHoveredPoint.profitEuros | number:'1.2-2' : portfolioTrendValueLabel requires all 3 expressions at the end of the expression [ {{ portfolioTrendHoveredPoint ? portfolioTrendHoveredPoint.profitEuros | number:'1.2-2' : portfolioTrendValueLabel }} ] in C:\Users\jorge\OneDrive\workspace\angular-app23\angular-app\src\app\pages\portfolio-home.component.html@115:14[0m [1m[35m[plugin angular-compiler][0m

    src/app/pages/portfolio-home.component.html:279:48:
[37m      279 │ ...      <span class="cell-meta">[32m{{ row.isin || 'Sin ISIN' }}[37m</span>
          ╵                                  [32m~~~~~~~~~~~~~~~~~~~~~~~~~~~~[0m

  Error occurs in the template of component PortfolioHomeComponent.

    src/app/pages/portfolio-home.component.ts:33:15:
[37m      33 │   templateUrl: [32m'./portfolio-home.component.html'[37m,
         ╵                [32m~~~~~~~~~~~~~~~~~~~~~~~~~~~~~~~~~[0m


[31mX [41;31m[[41;97mERROR[41;31m][0m [1mNG5002: Parser Error: Conditional expression portfolioTrendHoveredPoint ? portfolioTrendHoveredPoint.profitEuros | number:'1.2-2' : portfolioTrendValueLabel requires all 3 expressions at the end of the expression [ {{ portfolioTrendHoveredPoint ? portfolioTrendHoveredPoint.profitEuros | number:'1.2-2' : portfolioTrendValueLabel }} ] in C:\Users\jorge\OneDrive\workspace\angular-app23\angular-app\src\app\pages\portfolio-home.component.html@115:14[0m [1m[35m[plugin angular-compiler][0m

    src/app/pages/portfolio-home.component.html:280:48:
[37m      280 │ ...<span class="cell-meta">[32mTipo: {{ row.type || 'Sin tipo' }}[37m</span>
          ╵                            [32m~~~~~~~~~~~~~~~~~~~~~~~~~~~~~~~~~~[0m

  Error occurs in the template of component PortfolioHomeComponent.

    src/app/pages/portfolio-home.component.ts:33:15:
[37m      33 │   templateUrl: [32m'./portfolio-home.component.html'[37m,
         ╵                [32m~~~~~~~~~~~~~~~~~~~~~~~~~~~~~~~~~[0m


[31mX [41;31m[[41;97mERROR[41;31m][0m [1mNG5002: Parser Error: Conditional expression portfolioTrendHoveredPoint ? portfolioTrendHoveredPoint.profitEuros | number:'1.2-2' : portfolioTrendValueLabel requires all 3 expressions at the end of the expression [ {{ portfolioTrendHoveredPoint ? portfolioTrendHoveredPoint.profitEuros | number:'1.2-2' : portfolioTrendValueLabel }} ] in C:\Users\jorge\OneDrive\workspace\angular-app23\angular-app\src\app\pages\portfolio-home.component.html@115:14[0m [1m[35m[plugin angular-compiler][0m

    src/app/pages/portfolio-home.component.html:281:81:
[37m      281 │ ...le-cell editable-cell--stack" (click)="[32m$event.stopPropagation()[37m">
          ╵                                           [32m~~~~~~~~~~~~~~~~~~~~~~~~[0m

  Error occurs in the template of component PortfolioHomeComponent.

    src/app/pages/portfolio-home.component.ts:33:15:
[37m      33 │   templateUrl: [32m'./portfolio-home.component.html'[37m,
         ╵                [32m~~~~~~~~~~~~~~~~~~~~~~~~~~~~~~~~~[0m


[31mX [41;31m[[41;97mERROR[41;31m][0m [1mNG5002: Parser Error: Conditional expression portfolioTrendHoveredPoint ? portfolioTrendHoveredPoint.profitEuros | number:'1.2-2' : portfolioTrendValueLabel requires all 3 expressions at the end of the expression [ {{ portfolioTrendHoveredPoint ? portfolioTrendHoveredPoint.profitEuros | number:'1.2-2' : portfolioTrendValueLabel }} ] in C:\Users\jorge\OneDrive\workspace\angular-app23\angular-app\src\app\pages\portfolio-home.component.html@115:14[0m [1m[35m[plugin angular-compiler][0m

    src/app/pages/portfolio-home.component.html:282:31:
[37m      282 │ ...                 @if ([32misEditingCell(row.id, 'investmentClass')[37m) {
          ╵                          [32m~~~~~~~~~~~~~~~~~~~~~~~~~~~~~~~~~~~~~~~~[0m

  Error occurs in the template of component PortfolioHomeComponent.

    src/app/pages/portfolio-home.component.ts:33:15:
[37m      33 │   templateUrl: [32m'./portfolio-home.component.html'[37m,
         ╵                [32m~~~~~~~~~~~~~~~~~~~~~~~~~~~~~~~~~[0m


[31mX [41;31m[[41;97mERROR[41;31m][0m [1mNG5002: Parser Error: Conditional expression portfolioTrendHoveredPoint ? portfolioTrendHoveredPoint.profitEuros | number:'1.2-2' : portfolioTrendValueLabel requires all 3 expressions at the end of the expression [ {{ portfolioTrendHoveredPoint ? portfolioTrendHoveredPoint.profitEuros | number:'1.2-2' : portfolioTrendValueLabel }} ] in C:\Users\jorge\OneDrive\workspace\angular-app23\angular-app\src\app\pages\portfolio-home.component.html@115:14[0m [1m[35m[plugin angular-compiler][0m

    src/app/pages/portfolio-home.component.html:285:41:
[37m      285 │ ... [ngModel]="[32meditingCell?.draftValue || investmentClassOptions[0][37m"
          ╵                [32m~~~~~~~~~~~~~~~~~~~~~~~~~~~~~~~~~~~~~~~~~~~~~~~~~~~~[0m

  Error occurs in the template of component PortfolioHomeComponent.

    src/app/pages/portfolio-home.component.ts:33:15:
[37m      33 │   templateUrl: [32m'./portfolio-home.component.html'[37m,
         ╵                [32m~~~~~~~~~~~~~~~~~~~~~~~~~~~~~~~~~[0m


[31mX [41;31m[[41;97mERROR[41;31m][0m [1mNG5002: Parser Error: Conditional expression portfolioTrendHoveredPoint ? portfolioTrendHoveredPoint.profitEuros | number:'1.2-2' : portfolioTrendValueLabel requires all 3 expressions at the end of the expression [ {{ portfolioTrendHoveredPoint ? portfolioTrendHoveredPoint.profitEuros | number:'1.2-2' : portfolioTrendValueLabel }} ] in C:\Users\jorge\OneDrive\workspace\angular-app23\angular-app\src\app\pages\portfolio-home.component.html@115:14[0m [1m[35m[plugin angular-compiler][0m

    src/app/pages/portfolio-home.component.html:286:47:
[37m      286 │ ...                     (ngModelChange)="[32mupdateEditingValue($event)[37m"
          ╵                                          [32m~~~~~~~~~~~~~~~~~~~~~~~~~~[0m

  Error occurs in the template of component PortfolioHomeComponent.

    src/app/pages/portfolio-home.component.ts:33:15:
[37m      33 │   templateUrl: [32m'./portfolio-home.component.html'[37m,
         ╵                [32m~~~~~~~~~~~~~~~~~~~~~~~~~~~~~~~~~[0m


[31mX [41;31m[[41;97mERROR[41;31m][0m [1mNG5002: Parser Error: Conditional expression portfolioTrendHoveredPoint ? portfolioTrendHoveredPoint.profitEuros | number:'1.2-2' : portfolioTrendValueLabel requires all 3 expressions at the end of the expression [ {{ portfolioTrendHoveredPoint ? portfolioTrendHoveredPoint.profitEuros | number:'1.2-2' : portfolioTrendValueLabel }} ] in C:\Users\jorge\OneDrive\workspace\angular-app23\angular-app\src\app\pages\portfolio-home.component.html@115:14[0m [1m[35m[plugin angular-compiler][0m

    src/app/pages/portfolio-home.component.html:287:39:
[37m      287 │                               (click)="[32m$event.stopPropagation()[37m"
          ╵                                        [32m~~~~~~~~~~~~~~~~~~~~~~~~[0m

  Error occurs in the template of component PortfolioHomeComponent.

    src/app/pages/portfolio-home.component.ts:33:15:
[37m      33 │   templateUrl: [32m'./portfolio-home.component.html'[37m,
         ╵                [32m~~~~~~~~~~~~~~~~~~~~~~~~~~~~~~~~~[0m


[31mX [41;31m[[41;97mERROR[41;31m][0m [1mNG5002: Parser Error: Conditional expression portfolioTrendHoveredPoint ? portfolioTrendHoveredPoint.profitEuros | number:'1.2-2' : portfolioTrendValueLabel requires all 3 expressions at the end of the expression [ {{ portfolioTrendHoveredPoint ? portfolioTrendHoveredPoint.profitEuros | number:'1.2-2' : portfolioTrendValueLabel }} ] in C:\Users\jorge\OneDrive\workspace\angular-app23\angular-app\src\app\pages\portfolio-home.component.html@115:14[0m [1m[35m[plugin angular-compiler][0m

    src/app/pages/portfolio-home.component.html:289:36:
[37m      289 │ ...          @for ([32moption of investmentClassOptions[37m; track option) {
          ╵                    [32m~~~~~~~~~~~~~~~~~~~~~~~~~~~~~~~~[0m

  Error occurs in the template of component PortfolioHomeComponent.

    src/app/pages/portfolio-home.component.ts:33:15:
[37m      33 │   templateUrl: [32m'./portfolio-home.component.html'[37m,
         ╵                [32m~~~~~~~~~~~~~~~~~~~~~~~~~~~~~~~~~[0m


[31mX [41;31m[[41;97mERROR[41;31m][0m [1mNG5002: Parser Error: Conditional expression portfolioTrendHoveredPoint ? portfolioTrendHoveredPoint.profitEuros | number:'1.2-2' : portfolioTrendValueLabel requires all 3 expressions at the end of the expression [ {{ portfolioTrendHoveredPoint ? portfolioTrendHoveredPoint.profitEuros | number:'1.2-2' : portfolioTrendValueLabel }} ] in C:\Users\jorge\OneDrive\workspace\angular-app23\angular-app\src\app\pages\portfolio-home.component.html@115:14[0m [1m[35m[plugin angular-compiler][0m

    src/app/pages/portfolio-home.component.html:289:70:
[37m      289 │ ...          @for (option of investmentClassOptions; [32mtrack option[37m) {
          ╵                                                      [32m~~~~~~~~~~~~[0m

  Error occurs in the template of component PortfolioHomeComponent.

    src/app/pages/portfolio-home.component.ts:33:15:
[37m      33 │   templateUrl: [32m'./portfolio-home.component.html'[37m,
         ╵                [32m~~~~~~~~~~~~~~~~~~~~~~~~~~~~~~~~~[0m


[31mX [41;31m[[41;97mERROR[41;31m][0m [1mNG5002: Parser Error: Conditional expression portfolioTrendHoveredPoint ? portfolioTrendHoveredPoint.profitEuros | number:'1.2-2' : portfolioTrendValueLabel requires all 3 expressions at the end of the expression [ {{ portfolioTrendHoveredPoint ? portfolioTrendHoveredPoint.profitEuros | number:'1.2-2' : portfolioTrendValueLabel }} ] in C:\Users\jorge\OneDrive\workspace\angular-app23\angular-app\src\app\pages\portfolio-home.component.html@115:14[0m [1m[35m[plugin angular-compiler][0m

    src/app/pages/portfolio-home.component.html:290:49:
[37m      290 │ ...                   <option [value]="[32moption[37m">{{ option }}</option>
          ╵                                        [32m~~~~~~[0m

  Error occurs in the template of component PortfolioHomeComponent.

    src/app/pages/portfolio-home.component.ts:33:15:
[37m      33 │   templateUrl: [32m'./portfolio-home.component.html'[37m,
         ╵                [32m~~~~~~~~~~~~~~~~~~~~~~~~~~~~~~~~~[0m


[31mX [41;31m[[41;97mERROR[41;31m][0m [1mNG5002: Parser Error: Conditional expression portfolioTrendHoveredPoint ? portfolioTrendHoveredPoint.profitEuros | number:'1.2-2' : portfolioTrendValueLabel requires all 3 expressions at the end of the expression [ {{ portfolioTrendHoveredPoint ? portfolioTrendHoveredPoint.profitEuros | number:'1.2-2' : portfolioTrendValueLabel }} ] in C:\Users\jorge\OneDrive\workspace\angular-app23\angular-app\src\app\pages\portfolio-home.component.html@115:14[0m [1m[35m[plugin angular-compiler][0m

    src/app/pages/portfolio-home.component.html:290:57:
[37m      290 │ ...                   <option [value]="option">[32m{{ option }}[37m</option>
          ╵                                                [32m~~~~~~~~~~~~[0m

  Error occurs in the template of component PortfolioHomeComponent.

    src/app/pages/portfolio-home.component.ts:33:15:
[37m      33 │   templateUrl: [32m'./portfolio-home.component.html'[37m,
         ╵                [32m~~~~~~~~~~~~~~~~~~~~~~~~~~~~~~~~~[0m


[31mX [41;31m[[41;97mERROR[41;31m][0m [1mNG5002: Parser Error: Conditional expression portfolioTrendHoveredPoint ? portfolioTrendHoveredPoint.profitEuros | number:'1.2-2' : portfolioTrendValueLabel requires all 3 expressions at the end of the expression [ {{ portfolioTrendHoveredPoint ? portfolioTrendHoveredPoint.profitEuros | number:'1.2-2' : portfolioTrendValueLabel }} ] in C:\Users\jorge\OneDrive\workspace\angular-app23\angular-app\src\app\pages\portfolio-home.component.html@115:14[0m [1m[35m[plugin angular-compiler][0m

    src/app/pages/portfolio-home.component.html:296:39:
[37m      296 │ ...        (click)="[32msaveEditingCell(row, 'investmentClass', $event)[37m"
          ╵                     [32m~~~~~~~~~~~~~~~~~~~~~~~~~~~~~~~~~~~~~~~~~~~~~~~[0m

  Error occurs in the template of component PortfolioHomeComponent.

    src/app/pages/portfolio-home.component.ts:33:15:
[37m      33 │   templateUrl: [32m'./portfolio-home.component.html'[37m,
         ╵                [32m~~~~~~~~~~~~~~~~~~~~~~~~~~~~~~~~~[0m


[31mX [41;31m[[41;97mERROR[41;31m][0m [1mNG5002: Parser Error: Conditional expression portfolioTrendHoveredPoint ? portfolioTrendHoveredPoint.profitEuros | number:'1.2-2' : portfolioTrendValueLabel requires all 3 expressions at the end of the expression [ {{ portfolioTrendHoveredPoint ? portfolioTrendHoveredPoint.profitEuros | number:'1.2-2' : portfolioTrendValueLabel }} ] in C:\Users\jorge\OneDrive\workspace\angular-app23\angular-app\src\app\pages\portfolio-home.component.html@115:14[0m [1m[35m[plugin angular-compiler][0m

    src/app/pages/portfolio-home.component.html:297:42:
[37m      297 │ ...             [disabled]="[32misSavingCell(row.id, 'investmentClass')[37m"
          ╵                             [32m~~~~~~~~~~~~~~~~~~~~~~~~~~~~~~~~~~~~~~~[0m

  Error occurs in the template of component PortfolioHomeComponent.

    src/app/pages/portfolio-home.component.ts:33:15:
[37m      33 │   templateUrl: [32m'./portfolio-home.component.html'[37m,
         ╵                [32m~~~~~~~~~~~~~~~~~~~~~~~~~~~~~~~~~[0m


[31mX [41;31m[[41;97mERROR[41;31m][0m [1mNG5002: Parser Error: Conditional expression portfolioTrendHoveredPoint ? portfolioTrendHoveredPoint.profitEuros | number:'1.2-2' : portfolioTrendValueLabel requires all 3 expressions at the end of the expression [ {{ portfolioTrendHoveredPoint ? portfolioTrendHoveredPoint.profitEuros | number:'1.2-2' : portfolioTrendValueLabel }} ] in C:\Users\jorge\OneDrive\workspace\angular-app23\angular-app\src\app\pages\portfolio-home.component.html@115:14[0m [1m[35m[plugin angular-compiler][0m

    src/app/pages/portfolio-home.component.html:305:52:
[37m      305 │ ... class="cell-meta">[32mClase: {{ row.investmentClass || '-' }}[37m</span>
          ╵                       [32m~~~~~~~~~~~~~~~~~~~~~~~~~~~~~~~~~~~~~~~[0m

  Error occurs in the template of component PortfolioHomeComponent.

    src/app/pages/portfolio-home.component.ts:33:15:
[37m      33 │   templateUrl: [32m'./portfolio-home.component.html'[37m,
         ╵                [32m~~~~~~~~~~~~~~~~~~~~~~~~~~~~~~~~~[0m


[31mX [41;31m[[41;97mERROR[41;31m][0m [1mNG5002: Parser Error: Conditional expression portfolioTrendHoveredPoint ? portfolioTrendHoveredPoint.profitEuros | number:'1.2-2' : portfolioTrendValueLabel requires all 3 expressions at the end of the expression [ {{ portfolioTrendHoveredPoint ? portfolioTrendHoveredPoint.profitEuros | number:'1.2-2' : portfolioTrendValueLabel }} ] in C:\Users\jorge\OneDrive\workspace\angular-app23\angular-app\src\app\pages\portfolio-home.component.html@115:14[0m [1m[35m[plugin angular-compiler][0m

    src/app/pages/portfolio-home.component.html:306:33:
[37m      306 │ ...             @if ([32msection.title === 'FONDOS' && isFundEditMode[37m) {
          ╵                      [32m~~~~~~~~~~~~~~~~~~~~~~~~~~~~~~~~~~~~~~~~~~~~[0m

  Error occurs in the template of component PortfolioHomeComponent.

    src/app/pages/portfolio-home.component.ts:33:15:
[37m      33 │   templateUrl: [32m'./portfolio-home.component.html'[37m,
         ╵                [32m~~~~~~~~~~~~~~~~~~~~~~~~~~~~~~~~~[0m


[31mX [41;31m[[41;97mERROR[41;31m][0m [1mNG5002: Parser Error: Conditional expression portfolioTrendHoveredPoint ? portfolioTrendHoveredPoint.profitEuros | number:'1.2-2' : portfolioTrendValueLabel requires all 3 expressions at the end of the expression [ {{ portfolioTrendHoveredPoint ? portfolioTrendHoveredPoint.profitEuros | number:'1.2-2' : portfolioTrendValueLabel }} ] in C:\Users\jorge\OneDrive\workspace\angular-app23\angular-app\src\app\pages\portfolio-home.component.html@115:14[0m [1m[35m[plugin angular-compiler][0m

    src/app/pages/portfolio-home.component.html:310:41:
[37m      310 │ ...       (click)="[32mstartEditingCell(row, 'investmentClass', $event)[37m"
          ╵                    [32m~~~~~~~~~~~~~~~~~~~~~~~~~~~~~~~~~~~~~~~~~~~~~~~~[0m

  Error occurs in the template of component PortfolioHomeComponent.

    src/app/pages/portfolio-home.component.ts:33:15:
[37m      33 │   templateUrl: [32m'./portfolio-home.component.html'[37m,
         ╵                [32m~~~~~~~~~~~~~~~~~~~~~~~~~~~~~~~~~[0m


[31mX [41;31m[[41;97mERROR[41;31m][0m [1mNG5002: Parser Error: Conditional expression portfolioTrendHoveredPoint ? portfolioTrendHoveredPoint.profitEuros | number:'1.2-2' : portfolioTrendValueLabel requires all 3 expressions at the end of the expression [ {{ portfolioTrendHoveredPoint ? portfolioTrendHoveredPoint.profitEuros | number:'1.2-2' : portfolioTrendValueLabel }} ] in C:\Users\jorge\OneDrive\workspace\angular-app23\angular-app\src\app\pages\portfolio-home.component.html@115:14[0m [1m[35m[plugin angular-compiler][0m

    src/app/pages/portfolio-home.component.html:322:29:
[37m      322 │                         @if ([32mrow.investmentClass[37m) {
          ╵                              [32m~~~~~~~~~~~~~~~~~~~[0m

  Error occurs in the template of component PortfolioHomeComponent.

    src/app/pages/portfolio-home.component.ts:33:15:
[37m      33 │   templateUrl: [32m'./portfolio-home.component.html'[37m,
         ╵                [32m~~~~~~~~~~~~~~~~~~~~~~~~~~~~~~~~~[0m


[31mX [41;31m[[41;97mERROR[41;31m][0m [1mNG5002: Parser Error: Conditional expression portfolioTrendHoveredPoint ? portfolioTrendHoveredPoint.profitEuros | number:'1.2-2' : portfolioTrendValueLabel requires all 3 expressions at the end of the expression [ {{ portfolioTrendHoveredPoint ? portfolioTrendHoveredPoint.profitEuros | number:'1.2-2' : portfolioTrendValueLabel }} ] in C:\Users\jorge\OneDrive\workspace\angular-app23\angular-app\src\app\pages\portfolio-home.component.html@115:14[0m [1m[35m[plugin angular-compiler][0m

    src/app/pages/portfolio-home.component.html:323:50:
[37m      323 │ ...  <span class="cell-meta">[32mClase: {{ row.investmentClass }}[37m</span>
          ╵                              [32m~~~~~~~~~~~~~~~~~~~~~~~~~~~~~~~~[0m

  Error occurs in the template of component PortfolioHomeComponent.

    src/app/pages/portfolio-home.component.ts:33:15:
[37m      33 │   templateUrl: [32m'./portfolio-home.component.html'[37m,
         ╵                [32m~~~~~~~~~~~~~~~~~~~~~~~~~~~~~~~~~[0m


[31mX [41;31m[[41;97mERROR[41;31m][0m [1mNG5002: Parser Error: Conditional expression portfolioTrendHoveredPoint ? portfolioTrendHoveredPoint.profitEuros | number:'1.2-2' : portfolioTrendValueLabel requires all 3 expressions at the end of the expression [ {{ portfolioTrendHoveredPoint ? portfolioTrendHoveredPoint.profitEuros | number:'1.2-2' : portfolioTrendValueLabel }} ] in C:\Users\jorge\OneDrive\workspace\angular-app23\angular-app\src\app\pages\portfolio-home.component.html@115:14[0m [1m[35m[plugin angular-compiler][0m

    src/app/pages/portfolio-home.component.html:325:48:
[37m      325 │ ...ell-meta">[32m{{ (row.type || 'Sin tipo') + (row.investmentClass ?[37m...
          ╵              [32m~~~~~~~~~~~~~~~~~~~~~~~~~~~~~~~~~~~~~~~~~~~~~~~~~~~~[0m

  Error occurs in the template of component PortfolioHomeComponent.

    src/app/pages/portfolio-home.component.ts:33:15:
[37m      33 │   templateUrl: [32m'./portfolio-home.component.html'[37m,
         ╵                [32m~~~~~~~~~~~~~~~~~~~~~~~~~~~~~~~~~[0m


[31mX [41;31m[[41;97mERROR[41;31m][0m [1mNG5002: Parser Error: Conditional expression portfolioTrendHoveredPoint ? portfolioTrendHoveredPoint.profitEuros | number:'1.2-2' : portfolioTrendValueLabel requires all 3 expressions at the end of the expression [ {{ portfolioTrendHoveredPoint ? portfolioTrendHoveredPoint.profitEuros | number:'1.2-2' : portfolioTrendValueLabel }} ] in C:\Users\jorge\OneDrive\workspace\angular-app23\angular-app\src\app\pages\portfolio-home.component.html@115:14[0m [1m[35m[plugin angular-compiler][0m

    src/app/pages/portfolio-home.component.html:328:60:
[37m      328 │ ...   <div class="editable-cell" (click)="[32m$event.stopPropagation()[37m">
          ╵                                           [32m~~~~~~~~~~~~~~~~~~~~~~~~[0m

  Error occurs in the template of component PortfolioHomeComponent.

    src/app/pages/portfolio-home.component.ts:33:15:
[37m      33 │   templateUrl: [32m'./portfolio-home.component.html'[37m,
         ╵                [32m~~~~~~~~~~~~~~~~~~~~~~~~~~~~~~~~~[0m


[31mX [41;31m[[41;97mERROR[41;31m][0m [1mNG5002: Parser Error: Conditional expression portfolioTrendHoveredPoint ? portfolioTrendHoveredPoint.profitEuros | number:'1.2-2' : portfolioTrendValueLabel requires all 3 expressions at the end of the expression [ {{ portfolioTrendHoveredPoint ? portfolioTrendHoveredPoint.profitEuros | number:'1.2-2' : portfolioTrendValueLabel }} ] in C:\Users\jorge\OneDrive\workspace\angular-app23\angular-app\src\app\pages\portfolio-home.component.html@115:14[0m [1m[35m[plugin angular-compiler][0m

    src/app/pages/portfolio-home.component.html:329:31:
[37m      329 │                           @if ([32misEditingCell(row.id, 'shares')[37m) {
          ╵                                [32m~~~~~~~~~~~~~~~~~~~~~~~~~~~~~~~[0m

  Error occurs in the template of component PortfolioHomeComponent.

    src/app/pages/portfolio-home.component.ts:33:15:
[37m      33 │   templateUrl: [32m'./portfolio-home.component.html'[37m,
         ╵                [32m~~~~~~~~~~~~~~~~~~~~~~~~~~~~~~~~~[0m


[31mX [41;31m[[41;97mERROR[41;31m][0m [1mNG5002: Parser Error: Conditional expression portfolioTrendHoveredPoint ? portfolioTrendHoveredPoint.profitEuros | number:'1.2-2' : portfolioTrendValueLabel requires all 3 expressions at the end of the expression [ {{ portfolioTrendHoveredPoint ? portfolioTrendHoveredPoint.profitEuros | number:'1.2-2' : portfolioTrendValueLabel }} ] in C:\Users\jorge\OneDrive\workspace\angular-app23\angular-app\src\app\pages\portfolio-home.component.html@115:14[0m [1m[35m[plugin angular-compiler][0m

    src/app/pages/portfolio-home.component.html:333:41:
[37m      333 │ ...                        [ngModel]="[32meditingCell?.draftValue || ''[37m"
          ╵                                       [32m~~~~~~~~~~~~~~~~~~~~~~~~~~~~~[0m

  Error occurs in the template of component PortfolioHomeComponent.

    src/app/pages/portfolio-home.component.ts:33:15:
[37m      33 │   templateUrl: [32m'./portfolio-home.component.html'[37m,
         ╵                [32m~~~~~~~~~~~~~~~~~~~~~~~~~~~~~~~~~[0m


[31mX [41;31m[[41;97mERROR[41;31m][0m [1mNG5002: Parser Error: Conditional expression portfolioTrendHoveredPoint ? portfolioTrendHoveredPoint.profitEuros | number:'1.2-2' : portfolioTrendValueLabel requires all 3 expressions at the end of the expression [ {{ portfolioTrendHoveredPoint ? portfolioTrendHoveredPoint.profitEuros | number:'1.2-2' : portfolioTrendValueLabel }} ] in C:\Users\jorge\OneDrive\workspace\angular-app23\angular-app\src\app\pages\portfolio-home.component.html@115:14[0m [1m[35m[plugin angular-compiler][0m

    src/app/pages/portfolio-home.component.html:334:47:
[37m      334 │ ...                     (ngModelChange)="[32mupdateEditingValue($event)[37m"
          ╵                                          [32m~~~~~~~~~~~~~~~~~~~~~~~~~~[0m

  Error occurs in the template of component PortfolioHomeComponent.

    src/app/pages/portfolio-home.component.ts:33:15:
[37m      33 │   templateUrl: [32m'./portfolio-home.component.html'[37m,
         ╵                [32m~~~~~~~~~~~~~~~~~~~~~~~~~~~~~~~~~[0m


[31mX [41;31m[[41;97mERROR[41;31m][0m [1mNG5002: Parser Error: Conditional expression portfolioTrendHoveredPoint ? portfolioTrendHoveredPoint.profitEuros | number:'1.2-2' : portfolioTrendValueLabel requires all 3 expressions at the end of the expression [ {{ portfolioTrendHoveredPoint ? portfolioTrendHoveredPoint.profitEuros | number:'1.2-2' : portfolioTrendValueLabel }} ] in C:\Users\jorge\OneDrive\workspace\angular-app23\angular-app\src\app\pages\portfolio-home.component.html@115:14[0m [1m[35m[plugin angular-compiler][0m

    src/app/pages/portfolio-home.component.html:335:39:
[37m      335 │                               (click)="[32m$event.stopPropagation()[37m"
          ╵                                        [32m~~~~~~~~~~~~~~~~~~~~~~~~[0m

  Error occurs in the template of component PortfolioHomeComponent.

    src/app/pages/portfolio-home.component.ts:33:15:
[37m      33 │   templateUrl: [32m'./portfolio-home.component.html'[37m,
         ╵                [32m~~~~~~~~~~~~~~~~~~~~~~~~~~~~~~~~~[0m


[31mX [41;31m[[41;97mERROR[41;31m][0m [1mNG5002: Parser Error: Conditional expression portfolioTrendHoveredPoint ? portfolioTrendHoveredPoint.profitEuros | number:'1.2-2' : portfolioTrendValueLabel requires all 3 expressions at the end of the expression [ {{ portfolioTrendHoveredPoint ? portfolioTrendHoveredPoint.profitEuros | number:'1.2-2' : portfolioTrendValueLabel }} ] in C:\Users\jorge\OneDrive\workspace\angular-app23\angular-app\src\app\pages\portfolio-home.component.html@115:14[0m [1m[35m[plugin angular-compiler][0m

    src/app/pages/portfolio-home.component.html:340:39:
[37m      340 │ ...                 (click)="[32msaveEditingCell(row, 'shares', $event)[37m"
          ╵                              [32m~~~~~~~~~~~~~~~~~~~~~~~~~~~~~~~~~~~~~~[0m

  Error occurs in the template of component PortfolioHomeComponent.

    src/app/pages/portfolio-home.component.ts:33:15:
[37m      33 │   templateUrl: [32m'./portfolio-home.component.html'[37m,
         ╵                [32m~~~~~~~~~~~~~~~~~~~~~~~~~~~~~~~~~[0m


[31mX [41;31m[[41;97mERROR[41;31m][0m [1mNG5002: Parser Error: Conditional expression portfolioTrendHoveredPoint ? portfolioTrendHoveredPoint.profitEuros | number:'1.2-2' : portfolioTrendValueLabel requires all 3 expressions at the end of the expression [ {{ portfolioTrendHoveredPoint ? portfolioTrendHoveredPoint.profitEuros | number:'1.2-2' : portfolioTrendValueLabel }} ] in C:\Users\jorge\OneDrive\workspace\angular-app23\angular-app\src\app\pages\portfolio-home.component.html@115:14[0m [1m[35m[plugin angular-compiler][0m

    src/app/pages/portfolio-home.component.html:341:42:
[37m      341 │ ...                      [disabled]="[32misSavingCell(row.id, 'shares')[37m"
          ╵                                      [32m~~~~~~~~~~~~~~~~~~~~~~~~~~~~~~[0m

  Error occurs in the template of component PortfolioHomeComponent.

    src/app/pages/portfolio-home.component.ts:33:15:
[37m      33 │   templateUrl: [32m'./portfolio-home.component.html'[37m,
         ╵                [32m~~~~~~~~~~~~~~~~~~~~~~~~~~~~~~~~~[0m


[31mX [41;31m[[41;97mERROR[41;31m][0m [1mNG5002: Parser Error: Conditional expression portfolioTrendHoveredPoint ? portfolioTrendHoveredPoint.profitEuros | number:'1.2-2' : portfolioTrendValueLabel requires all 3 expressions at the end of the expression [ {{ portfolioTrendHoveredPoint ? portfolioTrendHoveredPoint.profitEuros | number:'1.2-2' : portfolioTrendValueLabel }} ] in C:\Users\jorge\OneDrive\workspace\angular-app23\angular-app\src\app\pages\portfolio-home.component.html@115:14[0m [1m[35m[plugin angular-compiler][0m

    src/app/pages/portfolio-home.component.html:349:34:
[37m      349 │                             <span>[32m{{ row.shares }}[37m</span>
          ╵                                   [32m~~~~~~~~~~~~~~~~[0m

  Error occurs in the template of component PortfolioHomeComponent.

    src/app/pages/portfolio-home.component.ts:33:15:
[37m      33 │   templateUrl: [32m'./portfolio-home.component.html'[37m,
         ╵                [32m~~~~~~~~~~~~~~~~~~~~~~~~~~~~~~~~~[0m


[31mX [41;31m[[41;97mERROR[41;31m][0m [1mNG5002: Parser Error: Conditional expression portfolioTrendHoveredPoint ? portfolioTrendHoveredPoint.profitEuros | number:'1.2-2' : portfolioTrendValueLabel requires all 3 expressions at the end of the expression [ {{ portfolioTrendHoveredPoint ? portfolioTrendHoveredPoint.profitEuros | number:'1.2-2' : portfolioTrendValueLabel }} ] in C:\Users\jorge\OneDrive\workspace\angular-app23\angular-app\src\app\pages\portfolio-home.component.html@115:14[0m [1m[35m[plugin angular-compiler][0m

    src/app/pages/portfolio-home.component.html:350:33:
[37m      350 │ ...             @if ([32msection.title === 'FONDOS' && isFundEditMode[37m) {
          ╵                      [32m~~~~~~~~~~~~~~~~~~~~~~~~~~~~~~~~~~~~~~~~~~~~[0m

  Error occurs in the template of component PortfolioHomeComponent.

    src/app/pages/portfolio-home.component.ts:33:15:
[37m      33 │   templateUrl: [32m'./portfolio-home.component.html'[37m,
         ╵                [32m~~~~~~~~~~~~~~~~~~~~~~~~~~~~~~~~~[0m


[31mX [41;31m[[41;97mERROR[41;31m][0m [1mNG5002: Parser Error: Conditional expression portfolioTrendHoveredPoint ? portfolioTrendHoveredPoint.profitEuros | number:'1.2-2' : portfolioTrendValueLabel requires all 3 expressions at the end of the expression [ {{ portfolioTrendHoveredPoint ? portfolioTrendHoveredPoint.profitEuros | number:'1.2-2' : portfolioTrendValueLabel }} ] in C:\Users\jorge\OneDrive\workspace\angular-app23\angular-app\src\app\pages\portfolio-home.component.html@115:14[0m [1m[35m[plugin angular-compiler][0m

    src/app/pages/portfolio-home.component.html:354:41:
[37m      354 │ ...                (click)="[32mstartEditingCell(row, 'shares', $event)[37m"
          ╵                             [32m~~~~~~~~~~~~~~~~~~~~~~~~~~~~~~~~~~~~~~~[0m

  Error occurs in the template of component PortfolioHomeComponent.

    src/app/pages/portfolio-home.component.ts:33:15:
[37m      33 │   templateUrl: [32m'./portfolio-home.component.html'[37m,
         ╵                [32m~~~~~~~~~~~~~~~~~~~~~~~~~~~~~~~~~[0m


[31mX [41;31m[[41;97mERROR[41;31m][0m [1mNG5002: Parser Error: Conditional expression portfolioTrendHoveredPoint ? portfolioTrendHoveredPoint.profitEuros | number:'1.2-2' : portfolioTrendValueLabel requires all 3 expressions at the end of the expression [ {{ portfolioTrendHoveredPoint ? portfolioTrendHoveredPoint.profitEuros | number:'1.2-2' : portfolioTrendValueLabel }} ] in C:\Users\jorge\OneDrive\workspace\angular-app23\angular-app\src\app\pages\portfolio-home.component.html@115:14[0m [1m[35m[plugin angular-compiler][0m

    src/app/pages/portfolio-home.component.html:368:60:
[37m      368 │ ...   <div class="editable-cell" (click)="[32m$event.stopPropagation()[37m">
          ╵                                           [32m~~~~~~~~~~~~~~~~~~~~~~~~[0m

  Error occurs in the template of component PortfolioHomeComponent.

    src/app/pages/portfolio-home.component.ts:33:15:
[37m      33 │   templateUrl: [32m'./portfolio-home.component.html'[37m,
         ╵                [32m~~~~~~~~~~~~~~~~~~~~~~~~~~~~~~~~~[0m


[31mX [41;31m[[41;97mERROR[41;31m][0m [1mNG5002: Parser Error: Conditional expression portfolioTrendHoveredPoint ? portfolioTrendHoveredPoint.profitEuros | number:'1.2-2' : portfolioTrendValueLabel requires all 3 expressions at the end of the expression [ {{ portfolioTrendHoveredPoint ? portfolioTrendHoveredPoint.profitEuros | number:'1.2-2' : portfolioTrendValueLabel }} ] in C:\Users\jorge\OneDrive\workspace\angular-app23\angular-app\src\app\pages\portfolio-home.component.html@115:14[0m [1m[35m[plugin angular-compiler][0m

    src/app/pages/portfolio-home.component.html:369:31:
[37m      369 │ ...                   @if ([32misEditingCell(row.id, 'totalInvested')[37m) {
          ╵                            [32m~~~~~~~~~~~~~~~~~~~~~~~~~~~~~~~~~~~~~~[0m

  Error occurs in the template of component PortfolioHomeComponent.

    src/app/pages/portfolio-home.component.ts:33:15:
[37m      33 │   templateUrl: [32m'./portfolio-home.component.html'[37m,
         ╵                [32m~~~~~~~~~~~~~~~~~~~~~~~~~~~~~~~~~[0m


[31mX [41;31m[[41;97mERROR[41;31m][0m [1mNG5002: Parser Error: Conditional expression portfolioTrendHoveredPoint ? portfolioTrendHoveredPoint.profitEuros | number:'1.2-2' : portfolioTrendValueLabel requires all 3 expressions at the end of the expression [ {{ portfolioTrendHoveredPoint ? portfolioTrendHoveredPoint.profitEuros | number:'1.2-2' : portfolioTrendValueLabel }} ] in C:\Users\jorge\OneDrive\workspace\angular-app23\angular-app\src\app\pages\portfolio-home.component.html@115:14[0m [1m[35m[plugin angular-compiler][0m

    src/app/pages/portfolio-home.component.html:373:41:
[37m      373 │ ...                        [ngModel]="[32meditingCell?.draftValue || ''[37m"
          ╵                                       [32m~~~~~~~~~~~~~~~~~~~~~~~~~~~~~[0m

  Error occurs in the template of component PortfolioHomeComponent.

    src/app/pages/portfolio-home.component.ts:33:15:
[37m      33 │   templateUrl: [32m'./portfolio-home.component.html'[37m,
         ╵                [32m~~~~~~~~~~~~~~~~~~~~~~~~~~~~~~~~~[0m


[31mX [41;31m[[41;97mERROR[41;31m][0m [1mNG5002: Parser Error: Conditional expression portfolioTrendHoveredPoint ? portfolioTrendHoveredPoint.profitEuros | number:'1.2-2' : portfolioTrendValueLabel requires all 3 expressions at the end of the expression [ {{ portfolioTrendHoveredPoint ? portfolioTrendHoveredPoint.profitEuros | number:'1.2-2' : portfolioTrendValueLabel }} ] in C:\Users\jorge\OneDrive\workspace\angular-app23\angular-app\src\app\pages\portfolio-home.component.html@115:14[0m [1m[35m[plugin angular-compiler][0m

    src/app/pages/portfolio-home.component.html:374:47:
[37m      374 │ ...                     (ngModelChange)="[32mupdateEditingValue($event)[37m"
          ╵                                          [32m~~~~~~~~~~~~~~~~~~~~~~~~~~[0m

  Error occurs in the template of component PortfolioHomeComponent.

    src/app/pages/portfolio-home.component.ts:33:15:
[37m      33 │   templateUrl: [32m'./portfolio-home.component.html'[37m,
         ╵                [32m~~~~~~~~~~~~~~~~~~~~~~~~~~~~~~~~~[0m


[31mX [41;31m[[41;97mERROR[41;31m][0m [1mNG5002: Parser Error: Conditional expression portfolioTrendHoveredPoint ? portfolioTrendHoveredPoint.profitEuros | number:'1.2-2' : portfolioTrendValueLabel requires all 3 expressions at the end of the expression [ {{ portfolioTrendHoveredPoint ? portfolioTrendHoveredPoint.profitEuros | number:'1.2-2' : portfolioTrendValueLabel }} ] in C:\Users\jorge\OneDrive\workspace\angular-app23\angular-app\src\app\pages\portfolio-home.component.html@115:14[0m [1m[35m[plugin angular-compiler][0m

    src/app/pages/portfolio-home.component.html:375:39:
[37m      375 │                               (click)="[32m$event.stopPropagation()[37m"
          ╵                                        [32m~~~~~~~~~~~~~~~~~~~~~~~~[0m

  Error occurs in the template of component PortfolioHomeComponent.

    src/app/pages/portfolio-home.component.ts:33:15:
[37m      33 │   templateUrl: [32m'./portfolio-home.component.html'[37m,
         ╵                [32m~~~~~~~~~~~~~~~~~~~~~~~~~~~~~~~~~[0m


[31mX [41;31m[[41;97mERROR[41;31m][0m [1mNG5002: Parser Error: Conditional expression portfolioTrendHoveredPoint ? portfolioTrendHoveredPoint.profitEuros | number:'1.2-2' : portfolioTrendValueLabel requires all 3 expressions at the end of the expression [ {{ portfolioTrendHoveredPoint ? portfolioTrendHoveredPoint.profitEuros | number:'1.2-2' : portfolioTrendValueLabel }} ] in C:\Users\jorge\OneDrive\workspace\angular-app23\angular-app\src\app\pages\portfolio-home.component.html@115:14[0m [1m[35m[plugin angular-compiler][0m

    src/app/pages/portfolio-home.component.html:380:39:
[37m      380 │ ...          (click)="[32msaveEditingCell(row, 'totalInvested', $event)[37m"
          ╵                       [32m~~~~~~~~~~~~~~~~~~~~~~~~~~~~~~~~~~~~~~~~~~~~~[0m

  Error occurs in the template of component PortfolioHomeComponent.

    src/app/pages/portfolio-home.component.ts:33:15:
[37m      33 │   templateUrl: [32m'./portfolio-home.component.html'[37m,
         ╵                [32m~~~~~~~~~~~~~~~~~~~~~~~~~~~~~~~~~[0m


[31mX [41;31m[[41;97mERROR[41;31m][0m [1mNG5002: Parser Error: Conditional expression portfolioTrendHoveredPoint ? portfolioTrendHoveredPoint.profitEuros | number:'1.2-2' : portfolioTrendValueLabel requires all 3 expressions at the end of the expression [ {{ portfolioTrendHoveredPoint ? portfolioTrendHoveredPoint.profitEuros | number:'1.2-2' : portfolioTrendValueLabel }} ] in C:\Users\jorge\OneDrive\workspace\angular-app23\angular-app\src\app\pages\portfolio-home.component.html@115:14[0m [1m[35m[plugin angular-compiler][0m

    src/app/pages/portfolio-home.component.html:381:42:
[37m      381 │ ...               [disabled]="[32misSavingCell(row.id, 'totalInvested')[37m"
          ╵                               [32m~~~~~~~~~~~~~~~~~~~~~~~~~~~~~~~~~~~~~[0m

  Error occurs in the template of component PortfolioHomeComponent.

    src/app/pages/portfolio-home.component.ts:33:15:
[37m      33 │   templateUrl: [32m'./portfolio-home.component.html'[37m,
         ╵                [32m~~~~~~~~~~~~~~~~~~~~~~~~~~~~~~~~~[0m


[31mX [41;31m[[41;97mERROR[41;31m][0m [1mNG5002: Parser Error: Conditional expression portfolioTrendHoveredPoint ? portfolioTrendHoveredPoint.profitEuros | number:'1.2-2' : portfolioTrendValueLabel requires all 3 expressions at the end of the expression [ {{ portfolioTrendHoveredPoint ? portfolioTrendHoveredPoint.profitEuros | number:'1.2-2' : portfolioTrendValueLabel }} ] in C:\Users\jorge\OneDrive\workspace\angular-app23\angular-app\src\app\pages\portfolio-home.component.html@115:14[0m [1m[35m[plugin angular-compiler][0m

    src/app/pages/portfolio-home.component.html:389:34:
[37m      389 │                             <span>[32m{{ row.totalInvested }}[37m</span>
          ╵                                   [32m~~~~~~~~~~~~~~~~~~~~~~~[0m

  Error occurs in the template of component PortfolioHomeComponent.

    src/app/pages/portfolio-home.component.ts:33:15:
[37m      33 │   templateUrl: [32m'./portfolio-home.component.html'[37m,
         ╵                [32m~~~~~~~~~~~~~~~~~~~~~~~~~~~~~~~~~[0m


[31mX [41;31m[[41;97mERROR[41;31m][0m [1mNG5002: Parser Error: Conditional expression portfolioTrendHoveredPoint ? portfolioTrendHoveredPoint.profitEuros | number:'1.2-2' : portfolioTrendValueLabel requires all 3 expressions at the end of the expression [ {{ portfolioTrendHoveredPoint ? portfolioTrendHoveredPoint.profitEuros | number:'1.2-2' : portfolioTrendValueLabel }} ] in C:\Users\jorge\OneDrive\workspace\angular-app23\angular-app\src\app\pages\portfolio-home.component.html@115:14[0m [1m[35m[plugin angular-compiler][0m

    src/app/pages/portfolio-home.component.html:390:33:
[37m      390 │ ...             @if ([32msection.title === 'FONDOS' && isFundEditMode[37m) {
          ╵                      [32m~~~~~~~~~~~~~~~~~~~~~~~~~~~~~~~~~~~~~~~~~~~~[0m

  Error occurs in the template of component PortfolioHomeComponent.

    src/app/pages/portfolio-home.component.ts:33:15:
[37m      33 │   templateUrl: [32m'./portfolio-home.component.html'[37m,
         ╵                [32m~~~~~~~~~~~~~~~~~~~~~~~~~~~~~~~~~[0m


[31mX [41;31m[[41;97mERROR[41;31m][0m [1mNG5002: Parser Error: Conditional expression portfolioTrendHoveredPoint ? portfolioTrendHoveredPoint.profitEuros | number:'1.2-2' : portfolioTrendValueLabel requires all 3 expressions at the end of the expression [ {{ portfolioTrendHoveredPoint ? portfolioTrendHoveredPoint.profitEuros | number:'1.2-2' : portfolioTrendValueLabel }} ] in C:\Users\jorge\OneDrive\workspace\angular-app23\angular-app\src\app\pages\portfolio-home.component.html@115:14[0m [1m[35m[plugin angular-compiler][0m

    src/app/pages/portfolio-home.component.html:394:41:
[37m      394 │ ...         (click)="[32mstartEditingCell(row, 'totalInvested', $event)[37m"
          ╵                      [32m~~~~~~~~~~~~~~~~~~~~~~~~~~~~~~~~~~~~~~~~~~~~~~[0m

  Error occurs in the template of component PortfolioHomeComponent.

    src/app/pages/portfolio-home.component.ts:33:15:
[37m      33 │   templateUrl: [32m'./portfolio-home.component.html'[37m,
         ╵                [32m~~~~~~~~~~~~~~~~~~~~~~~~~~~~~~~~~[0m


[31mX [41;31m[[41;97mERROR[41;31m][0m [1mNG5002: Parser Error: Conditional expression portfolioTrendHoveredPoint ? portfolioTrendHoveredPoint.profitEuros | number:'1.2-2' : portfolioTrendValueLabel requires all 3 expressions at the end of the expression [ {{ portfolioTrendHoveredPoint ? portfolioTrendHoveredPoint.profitEuros | number:'1.2-2' : portfolioTrendValueLabel }} ] in C:\Users\jorge\OneDrive\workspace\angular-app23\angular-app\src\app\pages\portfolio-home.component.html@115:14[0m [1m[35m[plugin angular-compiler][0m

    src/app/pages/portfolio-home.component.html:406:48:
[37m      406 │ ...an class="cell-meta">[32mPeso: {{ row.investedWeight || '-' }}[37m</span>
          ╵                         [32m~~~~~~~~~~~~~~~~~~~~~~~~~~~~~~~~~~~~~[0m

  Error occurs in the template of component PortfolioHomeComponent.

    src/app/pages/portfolio-home.component.ts:33:15:
[37m      33 │   templateUrl: [32m'./portfolio-home.component.html'[37m,
         ╵                [32m~~~~~~~~~~~~~~~~~~~~~~~~~~~~~~~~~[0m


[31mX [41;31m[[41;97mERROR[41;31m][0m [1mNG5002: Parser Error: Conditional expression portfolioTrendHoveredPoint ? portfolioTrendHoveredPoint.profitEuros | number:'1.2-2' : portfolioTrendValueLabel requires all 3 expressions at the end of the expression [ {{ portfolioTrendHoveredPoint ? portfolioTrendHoveredPoint.profitEuros | number:'1.2-2' : portfolioTrendValueLabel }} ] in C:\Users\jorge\OneDrive\workspace\angular-app23\angular-app\src\app\pages\portfolio-home.component.html@115:14[0m [1m[35m[plugin angular-compiler][0m

    src/app/pages/portfolio-home.component.html:409:32:
[37m      409 │                         <strong>[32m{{ row.unitValue }}[37m</strong>
          ╵                                 [32m~~~~~~~~~~~~~~~~~~~[0m

  Error occurs in the template of component PortfolioHomeComponent.

    src/app/pages/portfolio-home.component.ts:33:15:
[37m      33 │   templateUrl: [32m'./portfolio-home.component.html'[37m,
         ╵                [32m~~~~~~~~~~~~~~~~~~~~~~~~~~~~~~~~~[0m


[31mX [41;31m[[41;97mERROR[41;31m][0m [1mNG5002: Parser Error: Conditional expression portfolioTrendHoveredPoint ? portfolioTrendHoveredPoint.profitEuros | number:'1.2-2' : portfolioTrendValueLabel requires all 3 expressions at the end of the expression [ {{ portfolioTrendHoveredPoint ? portfolioTrendHoveredPoint.profitEuros | number:'1.2-2' : portfolioTrendValueLabel }} ] in C:\Users\jorge\OneDrive\workspace\angular-app23\angular-app\src\app\pages\portfolio-home.component.html@115:14[0m [1m[35m[plugin angular-compiler][0m

    src/app/pages/portfolio-home.component.html:410:48:
[37m      410 │ ...              <span class="cell-meta">[32m{{ row.marketDate }}[37m</span>
          ╵                                          [32m~~~~~~~~~~~~~~~~~~~~[0m

  Error occurs in the template of component PortfolioHomeComponent.

    src/app/pages/portfolio-home.component.ts:33:15:
[37m      33 │   templateUrl: [32m'./portfolio-home.component.html'[37m,
         ╵                [32m~~~~~~~~~~~~~~~~~~~~~~~~~~~~~~~~~[0m


[31mX [41;31m[[41;97mERROR[41;31m][0m [1mNG5002: Parser Error: Conditional expression portfolioTrendHoveredPoint ? portfolioTrendHoveredPoint.profitEuros | number:'1.2-2' : portfolioTrendValueLabel requires all 3 expressions at the end of the expression [ {{ portfolioTrendHoveredPoint ? portfolioTrendHoveredPoint.profitEuros | number:'1.2-2' : portfolioTrendValueLabel }} ] in C:\Users\jorge\OneDrive\workspace\angular-app23\angular-app\src\app\pages\portfolio-home.component.html@115:14[0m [1m[35m[plugin angular-compiler][0m

    src/app/pages/portfolio-home.component.html:413:32:
[37m      413 │                         <strong>[32m{{ row.totalValuation }}[37m</strong>
          ╵                                 [32m~~~~~~~~~~~~~~~~~~~~~~~~[0m

  Error occurs in the template of component PortfolioHomeComponent.

    src/app/pages/portfolio-home.component.ts:33:15:
[37m      33 │   templateUrl: [32m'./portfolio-home.component.html'[37m,
         ╵                [32m~~~~~~~~~~~~~~~~~~~~~~~~~~~~~~~~~[0m


[31mX [41;31m[[41;97mERROR[41;31m][0m [1mNG5002: Parser Error: Conditional expression portfolioTrendHoveredPoint ? portfolioTrendHoveredPoint.profitEuros | number:'1.2-2' : portfolioTrendValueLabel requires all 3 expressions at the end of the expression [ {{ portfolioTrendHoveredPoint ? portfolioTrendHoveredPoint.profitEuros | number:'1.2-2' : portfolioTrendValueLabel }} ] in C:\Users\jorge\OneDrive\workspace\angular-app23\angular-app\src\app\pages\portfolio-home.component.html@115:14[0m [1m[35m[plugin angular-compiler][0m

    src/app/pages/portfolio-home.component.html:414:48:
[37m      414 │ ...n class="cell-meta">[32mPeso: {{ row.valuationWeight || '-' }}[37m</span>
          ╵                        [32m~~~~~~~~~~~~~~~~~~~~~~~~~~~~~~~~~~~~~~[0m

  Error occurs in the template of component PortfolioHomeComponent.

    src/app/pages/portfolio-home.component.ts:33:15:
[37m      33 │   templateUrl: [32m'./portfolio-home.component.html'[37m,
         ╵                [32m~~~~~~~~~~~~~~~~~~~~~~~~~~~~~~~~~[0m


[31mX [41;31m[[41;97mERROR[41;31m][0m [1mNG5002: Parser Error: Conditional expression portfolioTrendHoveredPoint ? portfolioTrendHoveredPoint.profitEuros | number:'1.2-2' : portfolioTrendValueLabel requires all 3 expressions at the end of the expression [ {{ portfolioTrendHoveredPoint ? portfolioTrendHoveredPoint.profitEuros | number:'1.2-2' : portfolioTrendValueLabel }} ] in C:\Users\jorge\OneDrive\workspace\angular-app23\angular-app\src\app\pages\portfolio-home.component.html@115:14[0m [1m[35m[plugin angular-compiler][0m

    src/app/pages/portfolio-home.component.html:419:54:
[37m      419 │ ... [class.negative]="[32mrow.profitEurosValue < 0[37m" [class.positive]=...
          ╵                       [32m~~~~~~~~~~~~~~~~~~~~~~~~[0m

  Error occurs in the template of component PortfolioHomeComponent.

    src/app/pages/portfolio-home.component.ts:33:15:
[37m      33 │   templateUrl: [32m'./portfolio-home.component.html'[37m,
         ╵                [32m~~~~~~~~~~~~~~~~~~~~~~~~~~~~~~~~~[0m


[31mX [41;31m[[41;97mERROR[41;31m][0m [1mNG5002: Parser Error: Conditional expression portfolioTrendHoveredPoint ? portfolioTrendHoveredPoint.profitEuros | number:'1.2-2' : portfolioTrendValueLabel requires all 3 expressions at the end of the expression [ {{ portfolioTrendHoveredPoint ? portfolioTrendHoveredPoint.profitEuros | number:'1.2-2' : portfolioTrendValueLabel }} ] in C:\Users\jorge\OneDrive\workspace\angular-app23\angular-app\src\app\pages\portfolio-home.component.html@115:14[0m [1m[35m[plugin angular-compiler][0m

    src/app/pages/portfolio-home.component.html:419:98:
[37m      419 │ ...rofitEurosValue < 0" [class.positive]="[32mrow.profitEurosValue > 0[37m">
          ╵                                           [32m~~~~~~~~~~~~~~~~~~~~~~~~[0m

  Error occurs in the template of component PortfolioHomeComponent.

    src/app/pages/portfolio-home.component.ts:33:15:
[37m      33 │   templateUrl: [32m'./portfolio-home.component.html'[37m,
         ╵                [32m~~~~~~~~~~~~~~~~~~~~~~~~~~~~~~~~~[0m


[31mX [41;31m[[41;97mERROR[41;31m][0m [1mNG5002: Parser Error: Conditional expression portfolioTrendHoveredPoint ? portfolioTrendHoveredPoint.profitEuros | number:'1.2-2' : portfolioTrendValueLabel requires all 3 expressions at the end of the expression [ {{ portfolioTrendHoveredPoint ? portfolioTrendHoveredPoint.profitEuros | number:'1.2-2' : portfolioTrendValueLabel }} ] in C:\Users\jorge\OneDrive\workspace\angular-app23\angular-app\src\app\pages\portfolio-home.component.html@115:14[0m [1m[35m[plugin angular-compiler][0m

    src/app/pages/portfolio-home.component.html:420:30:
[37m      420 │                               [32m{{ row.profitEuros }}[37m
          ╵                               [32m~~~~~~~~~~~~~~~~~~~~~[0m

  Error occurs in the template of component PortfolioHomeComponent.

    src/app/pages/portfolio-home.component.ts:33:15:
[37m      33 │   templateUrl: [32m'./portfolio-home.component.html'[37m,
         ╵                [32m~~~~~~~~~~~~~~~~~~~~~~~~~~~~~~~~~[0m


[31mX [41;31m[[41;97mERROR[41;31m][0m [1mNG5002: Parser Error: Conditional expression portfolioTrendHoveredPoint ? portfolioTrendHoveredPoint.profitEuros | number:'1.2-2' : portfolioTrendValueLabel requires all 3 expressions at the end of the expression [ {{ portfolioTrendHoveredPoint ? portfolioTrendHoveredPoint.profitEuros | number:'1.2-2' : portfolioTrendValueLabel }} ] in C:\Users\jorge\OneDrive\workspace\angular-app23\angular-app\src\app\pages\portfolio-home.component.html@115:14[0m [1m[35m[plugin angular-compiler][0m

    src/app/pages/portfolio-home.component.html:422:52:
[37m      422 │ ... [class.negative]="[32mrow.totalReturnValue < 0[37m" [class.positive]=...
          ╵                       [32m~~~~~~~~~~~~~~~~~~~~~~~~[0m

  Error occurs in the template of component PortfolioHomeComponent.

    src/app/pages/portfolio-home.component.ts:33:15:
[37m      33 │   templateUrl: [32m'./portfolio-home.component.html'[37m,
         ╵                [32m~~~~~~~~~~~~~~~~~~~~~~~~~~~~~~~~~[0m


[31mX [41;31m[[41;97mERROR[41;31m][0m [1mNG5002: Parser Error: Conditional expression portfolioTrendHoveredPoint ? portfolioTrendHoveredPoint.profitEuros | number:'1.2-2' : portfolioTrendValueLabel requires all 3 expressions at the end of the expression [ {{ portfolioTrendHoveredPoint ? portfolioTrendHoveredPoint.profitEuros | number:'1.2-2' : portfolioTrendValueLabel }} ] in C:\Users\jorge\OneDrive\workspace\angular-app23\angular-app\src\app\pages\portfolio-home.component.html@115:14[0m [1m[35m[plugin angular-compiler][0m

    src/app/pages/portfolio-home.component.html:422:96:
[37m      422 │ ...otalReturnValue < 0" [class.positive]="[32mrow.totalReturnValue > 0[37m">
          ╵                                           [32m~~~~~~~~~~~~~~~~~~~~~~~~[0m

  Error occurs in the template of component PortfolioHomeComponent.

    src/app/pages/portfolio-home.component.ts:33:15:
[37m      33 │   templateUrl: [32m'./portfolio-home.component.html'[37m,
         ╵                [32m~~~~~~~~~~~~~~~~~~~~~~~~~~~~~~~~~[0m


[31mX [41;31m[[41;97mERROR[41;31m][0m [1mNG5002: Parser Error: Conditional expression portfolioTrendHoveredPoint ? portfolioTrendHoveredPoint.profitEuros | number:'1.2-2' : portfolioTrendValueLabel requires all 3 expressions at the end of the expression [ {{ portfolioTrendHoveredPoint ? portfolioTrendHoveredPoint.profitEuros | number:'1.2-2' : portfolioTrendValueLabel }} ] in C:\Users\jorge\OneDrive\workspace\angular-app23\angular-app\src\app\pages\portfolio-home.component.html@115:14[0m [1m[35m[plugin angular-compiler][0m

    src/app/pages/portfolio-home.component.html:423:30:
[37m      423 │                               [32m{{ row.totalReturn }}[37m
          ╵                               [32m~~~~~~~~~~~~~~~~~~~~~[0m

  Error occurs in the template of component PortfolioHomeComponent.

    src/app/pages/portfolio-home.component.ts:33:15:
[37m      33 │   templateUrl: [32m'./portfolio-home.component.html'[37m,
         ╵                [32m~~~~~~~~~~~~~~~~~~~~~~~~~~~~~~~~~[0m


[31mX [41;31m[[41;97mERROR[41;31m][0m [1mNG5002: Parser Error: Conditional expression portfolioTrendHoveredPoint ? portfolioTrendHoveredPoint.profitEuros | number:'1.2-2' : portfolioTrendValueLabel requires all 3 expressions at the end of the expression [ {{ portfolioTrendHoveredPoint ? portfolioTrendHoveredPoint.profitEuros | number:'1.2-2' : portfolioTrendValueLabel }} ] in C:\Users\jorge\OneDrive\workspace\angular-app23\angular-app\src\app\pages\portfolio-home.component.html@115:14[0m [1m[35m[plugin angular-compiler][0m

    src/app/pages/portfolio-home.component.html:427:31:
[37m      427 │ ...             @if ([32msection.title === 'FONDOS' && isFundEditMode[37m) {
          ╵                      [32m~~~~~~~~~~~~~~~~~~~~~~~~~~~~~~~~~~~~~~~~~~~~[0m

  Error occurs in the template of component PortfolioHomeComponent.

    src/app/pages/portfolio-home.component.ts:33:15:
[37m      33 │   templateUrl: [32m'./portfolio-home.component.html'[37m,
         ╵                [32m~~~~~~~~~~~~~~~~~~~~~~~~~~~~~~~~~[0m


[31mX [41;31m[[41;97mERROR[41;31m][0m [1mNG5002: Parser Error: Conditional expression portfolioTrendHoveredPoint ? portfolioTrendHoveredPoint.profitEuros | number:'1.2-2' : portfolioTrendValueLabel requires all 3 expressions at the end of the expression [ {{ portfolioTrendHoveredPoint ? portfolioTrendHoveredPoint.profitEuros | number:'1.2-2' : portfolioTrendValueLabel }} ] in C:\Users\jorge\OneDrive\workspace\angular-app23\angular-app\src\app\pages\portfolio-home.component.html@115:14[0m [1m[35m[plugin angular-compiler][0m

    src/app/pages/portfolio-home.component.html:431:39:
[37m      431 │ ...                       (click)="[32mopenDeleteFundModal(row, $event)[37m"
          ╵                                    [32m~~~~~~~~~~~~~~~~~~~~~~~~~~~~~~~~[0m

  Error occurs in the template of component PortfolioHomeComponent.

    src/app/pages/portfolio-home.component.ts:33:15:
[37m      33 │   templateUrl: [32m'./portfolio-home.component.html'[37m,
         ╵                [32m~~~~~~~~~~~~~~~~~~~~~~~~~~~~~~~~~[0m


[31mX [41;31m[[41;97mERROR[41;31m][0m [1mNG5002: Parser Error: Conditional expression portfolioTrendHoveredPoint ? portfolioTrendHoveredPoint.profitEuros | number:'1.2-2' : portfolioTrendValueLabel requires all 3 expressions at the end of the expression [ {{ portfolioTrendHoveredPoint ? portfolioTrendHoveredPoint.profitEuros | number:'1.2-2' : portfolioTrendValueLabel }} ] in C:\Users\jorge\OneDrive\workspace\angular-app23\angular-app\src\app\pages\portfolio-home.component.html@115:14[0m [1m[35m[plugin angular-compiler][0m

    src/app/pages/portfolio-home.component.html:462:18:
[37m      462 │             @for ([32mitem of summaryByType[37m; track item.label) {
          ╵                   [32m~~~~~~~~~~~~~~~~~~~~~[0m

  Error occurs in the template of component PortfolioHomeComponent.

    src/app/pages/portfolio-home.component.ts:33:15:
[37m      33 │   templateUrl: [32m'./portfolio-home.component.html'[37m,
         ╵                [32m~~~~~~~~~~~~~~~~~~~~~~~~~~~~~~~~~[0m


[31mX [41;31m[[41;97mERROR[41;31m][0m [1mNG5002: Parser Error: Conditional expression portfolioTrendHoveredPoint ? portfolioTrendHoveredPoint.profitEuros | number:'1.2-2' : portfolioTrendValueLabel requires all 3 expressions at the end of the expression [ {{ portfolioTrendHoveredPoint ? portfolioTrendHoveredPoint.profitEuros | number:'1.2-2' : portfolioTrendValueLabel }} ] in C:\Users\jorge\OneDrive\workspace\angular-app23\angular-app\src\app\pages\portfolio-home.component.html@115:14[0m [1m[35m[plugin angular-compiler][0m

    src/app/pages/portfolio-home.component.html:462:41:
[37m      462 │             @for (item of summaryByType; [32mtrack item.label[37m) {
          ╵                                          [32m~~~~~~~~~~~~~~~~[0m

  Error occurs in the template of component PortfolioHomeComponent.

    src/app/pages/portfolio-home.component.ts:33:15:
[37m      33 │   templateUrl: [32m'./portfolio-home.component.html'[37m,
         ╵                [32m~~~~~~~~~~~~~~~~~~~~~~~~~~~~~~~~~[0m


[31mX [41;31m[[41;97mERROR[41;31m][0m [1mNG5002: Parser Error: Conditional expression portfolioTrendHoveredPoint ? portfolioTrendHoveredPoint.profitEuros | number:'1.2-2' : portfolioTrendValueLabel requires all 3 expressions at the end of the expression [ {{ portfolioTrendHoveredPoint ? portfolioTrendHoveredPoint.profitEuros | number:'1.2-2' : portfolioTrendValueLabel }} ] in C:\Users\jorge\OneDrive\workspace\angular-app23\angular-app\src\app\pages\portfolio-home.component.html@115:14[0m [1m[35m[plugin angular-compiler][0m

    src/app/pages/portfolio-home.component.html:465:26:
[37m      465 │                   <strong>[32m{{ item.label }}[37m</strong>
          ╵                           [32m~~~~~~~~~~~~~~~~[0m

  Error occurs in the template of component PortfolioHomeComponent.

    src/app/pages/portfolio-home.component.ts:33:15:
[37m      33 │   templateUrl: [32m'./portfolio-home.component.html'[37m,
         ╵                [32m~~~~~~~~~~~~~~~~~~~~~~~~~~~~~~~~~[0m


[31mX [41;31m[[41;97mERROR[41;31m][0m [1mNG5002: Parser Error: Conditional expression portfolioTrendHoveredPoint ? portfolioTrendHoveredPoint.profitEuros | number:'1.2-2' : portfolioTrendValueLabel requires all 3 expressions at the end of the expression [ {{ portfolioTrendHoveredPoint ? portfolioTrendHoveredPoint.profitEuros | number:'1.2-2' : portfolioTrendValueLabel }} ] in C:\Users\jorge\OneDrive\workspace\angular-app23\angular-app\src\app\pages\portfolio-home.component.html@115:14[0m [1m[35m[plugin angular-compiler][0m

    src/app/pages/portfolio-home.component.html:466:24:
[37m      466 │ ...    <span>[32m{{ item.formattedValue }} &middot; {{ formatPercenta[37m...
          ╵              [32m~~~~~~~~~~~~~~~~~~~~~~~~~~~~~~~~~~~~~~~~~~~~~~~~~~~~[0m

  Error occurs in the template of component PortfolioHomeComponent.

    src/app/pages/portfolio-home.component.ts:33:15:
[37m      33 │   templateUrl: [32m'./portfolio-home.component.html'[37m,
         ╵                [32m~~~~~~~~~~~~~~~~~~~~~~~~~~~~~~~~~[0m


[31mX [41;31m[[41;97mERROR[41;31m][0m [1mNG5002: Parser Error: Conditional expression portfolioTrendHoveredPoint ? portfolioTrendHoveredPoint.profitEuros | number:'1.2-2' : portfolioTrendValueLabel requires all 3 expressions at the end of the expression [ {{ portfolioTrendHoveredPoint ? portfolioTrendHoveredPoint.profitEuros | number:'1.2-2' : portfolioTrendValueLabel }} ] in C:\Users\jorge\OneDrive\workspace\angular-app23\angular-app\src\app\pages\portfolio-home.component.html@115:14[0m [1m[35m[plugin angular-compiler][0m

    src/app/pages/portfolio-home.component.html:469:55:
[37m      469 │ ...   <div class="bar-fill" [style.width]="[32mgetBarWidth(item)[37m"></div>
          ╵                                            [32m~~~~~~~~~~~~~~~~~[0m

  Error occurs in the template of component PortfolioHomeComponent.

    src/app/pages/portfolio-home.component.ts:33:15:
[37m      33 │   templateUrl: [32m'./portfolio-home.component.html'[37m,
         ╵                [32m~~~~~~~~~~~~~~~~~~~~~~~~~~~~~~~~~[0m


[31mX [41;31m[[41;97mERROR[41;31m][0m [1mNG5002: Parser Error: Conditional expression portfolioTrendHoveredPoint ? portfolioTrendHoveredPoint.profitEuros | number:'1.2-2' : portfolioTrendValueLabel requires all 3 expressions at the end of the expression [ {{ portfolioTrendHoveredPoint ? portfolioTrendHoveredPoint.profitEuros | number:'1.2-2' : portfolioTrendValueLabel }} ] in C:\Users\jorge\OneDrive\workspace\angular-app23\angular-app\src\app\pages\portfolio-home.component.html@115:14[0m [1m[35m[plugin angular-compiler][0m

    src/app/pages/portfolio-home.component.html:483:18:
[37m      483 │             @for ([32mitem of summaryByAsset[37m; track item.label + item...
          ╵                   [32m~~~~~~~~~~~~~~~~~~~~~~[0m

  Error occurs in the template of component PortfolioHomeComponent.

    src/app/pages/portfolio-home.component.ts:33:15:
[37m      33 │   templateUrl: [32m'./portfolio-home.component.html'[37m,
         ╵                [32m~~~~~~~~~~~~~~~~~~~~~~~~~~~~~~~~~[0m


[31mX [41;31m[[41;97mERROR[41;31m][0m [1mNG5002: Parser Error: Conditional expression portfolioTrendHoveredPoint ? portfolioTrendHoveredPoint.profitEuros | number:'1.2-2' : portfolioTrendValueLabel requires all 3 expressions at the end of the expression [ {{ portfolioTrendHoveredPoint ? portfolioTrendHoveredPoint.profitEuros | number:'1.2-2' : portfolioTrendValueLabel }} ] in C:\Users\jorge\OneDrive\workspace\angular-app23\angular-app\src\app\pages\portfolio-home.component.html@115:14[0m [1m[35m[plugin angular-compiler][0m

    src/app/pages/portfolio-home.component.html:483:42:
[37m      483 │ ...item of summaryByAsset; [32mtrack item.label + item.formattedValue[37m) {
          ╵                            [32m~~~~~~~~~~~~~~~~~~~~~~~~~~~~~~~~~~~~~~[0m

  Error occurs in the template of component PortfolioHomeComponent.

    src/app/pages/portfolio-home.component.ts:33:15:
[37m      33 │   templateUrl: [32m'./portfolio-home.component.html'[37m,
         ╵                [32m~~~~~~~~~~~~~~~~~~~~~~~~~~~~~~~~~[0m


[31mX [41;31m[[41;97mERROR[41;31m][0m [1mNG5002: Parser Error: Conditional expression portfolioTrendHoveredPoint ? portfolioTrendHoveredPoint.profitEuros | number:'1.2-2' : portfolioTrendValueLabel requires all 3 expressions at the end of the expression [ {{ portfolioTrendHoveredPoint ? portfolioTrendHoveredPoint.profitEuros | number:'1.2-2' : portfolioTrendValueLabel }} ] in C:\Users\jorge\OneDrive\workspace\angular-app23\angular-app\src\app\pages\portfolio-home.component.html@115:14[0m [1m[35m[plugin angular-compiler][0m

    src/app/pages/portfolio-home.component.html:486:26:
[37m      486 │                   <strong>[32m{{ item.label }}[37m</strong>
          ╵                           [32m~~~~~~~~~~~~~~~~[0m

  Error occurs in the template of component PortfolioHomeComponent.

    src/app/pages/portfolio-home.component.ts:33:15:
[37m      33 │   templateUrl: [32m'./portfolio-home.component.html'[37m,
         ╵                [32m~~~~~~~~~~~~~~~~~~~~~~~~~~~~~~~~~[0m


[31mX [41;31m[[41;97mERROR[41;31m][0m [1mNG5002: Parser Error: Conditional expression portfolioTrendHoveredPoint ? portfolioTrendHoveredPoint.profitEuros | number:'1.2-2' : portfolioTrendValueLabel requires all 3 expressions at the end of the expression [ {{ portfolioTrendHoveredPoint ? portfolioTrendHoveredPoint.profitEuros | number:'1.2-2' : portfolioTrendValueLabel }} ] in C:\Users\jorge\OneDrive\workspace\angular-app23\angular-app\src\app\pages\portfolio-home.component.html@115:14[0m [1m[35m[plugin angular-compiler][0m

    src/app/pages/portfolio-home.component.html:487:24:
[37m      487 │ ...    <span>[32m{{ item.formattedValue }} &middot; {{ formatPercenta[37m...
          ╵              [32m~~~~~~~~~~~~~~~~~~~~~~~~~~~~~~~~~~~~~~~~~~~~~~~~~~~~[0m

  Error occurs in the template of component PortfolioHomeComponent.

    src/app/pages/portfolio-home.component.ts:33:15:
[37m      33 │   templateUrl: [32m'./portfolio-home.component.html'[37m,
         ╵                [32m~~~~~~~~~~~~~~~~~~~~~~~~~~~~~~~~~[0m


[31mX [41;31m[[41;97mERROR[41;31m][0m [1mNG5002: Parser Error: Conditional expression portfolioTrendHoveredPoint ? portfolioTrendHoveredPoint.profitEuros | number:'1.2-2' : portfolioTrendValueLabel requires all 3 expressions at the end of the expression [ {{ portfolioTrendHoveredPoint ? portfolioTrendHoveredPoint.profitEuros | number:'1.2-2' : portfolioTrendValueLabel }} ] in C:\Users\jorge\OneDrive\workspace\angular-app23\angular-app\src\app\pages\portfolio-home.component.html@115:14[0m [1m[35m[plugin angular-compiler][0m

    src/app/pages/portfolio-home.component.html:490:70:
[37m      490 │ ...bar-fill bar-fill--warm" [style.width]="[32mgetBarWidth(item)[37m"></div>
          ╵                                            [32m~~~~~~~~~~~~~~~~~[0m

  Error occurs in the template of component PortfolioHomeComponent.

    src/app/pages/portfolio-home.component.ts:33:15:
[37m      33 │   templateUrl: [32m'./portfolio-home.component.html'[37m,
         ╵                [32m~~~~~~~~~~~~~~~~~~~~~~~~~~~~~~~~~[0m


[31mX [41;31m[[41;97mERROR[41;31m][0m [1mNG5002: Parser Error: Conditional expression portfolioTrendHoveredPoint ? portfolioTrendHoveredPoint.profitEuros | number:'1.2-2' : portfolioTrendValueLabel requires all 3 expressions at the end of the expression [ {{ portfolioTrendHoveredPoint ? portfolioTrendHoveredPoint.profitEuros | number:'1.2-2' : portfolioTrendValueLabel }} ] in C:\Users\jorge\OneDrive\workspace\angular-app23\angular-app\src\app\pages\portfolio-home.component.html@115:14[0m [1m[35m[plugin angular-compiler][0m

    src/app/pages/portfolio-home.component.html:501:5:
[37m      501 │ @if ([32misAddFundModalOpen[37m) {
          ╵      [32m~~~~~~~~~~~~~~~~~~[0m

  Error occurs in the template of component PortfolioHomeComponent.

    src/app/pages/portfolio-home.component.ts:33:15:
[37m      33 │   templateUrl: [32m'./portfolio-home.component.html'[37m,
         ╵                [32m~~~~~~~~~~~~~~~~~~~~~~~~~~~~~~~~~[0m


[31mX [41;31m[[41;97mERROR[41;31m][0m [1mNG5002: Parser Error: Conditional expression portfolioTrendHoveredPoint ? portfolioTrendHoveredPoint.profitEuros | number:'1.2-2' : portfolioTrendValueLabel requires all 3 expressions at the end of the expression [ {{ portfolioTrendHoveredPoint ? portfolioTrendHoveredPoint.profitEuros | number:'1.2-2' : portfolioTrendValueLabel }} ] in C:\Users\jorge\OneDrive\workspace\angular-app23\angular-app\src\app\pages\portfolio-home.component.html@115:14[0m [1m[35m[plugin angular-compiler][0m

    src/app/pages/portfolio-home.component.html:502:39:
[37m      502 │   <div class="modal-backdrop" (click)="[32mcloseAddFundModal()[37m">
          ╵                                        [32m~~~~~~~~~~~~~~~~~~~[0m

  Error occurs in the template of component PortfolioHomeComponent.

    src/app/pages/portfolio-home.component.ts:33:15:
[37m      33 │   templateUrl: [32m'./portfolio-home.component.html'[37m,
         ╵                [32m~~~~~~~~~~~~~~~~~~~~~~~~~~~~~~~~~[0m


[31mX [41;31m[[41;97mERROR[41;31m][0m [1mNG5002: Parser Error: Conditional expression portfolioTrendHoveredPoint ? portfolioTrendHoveredPoint.profitEuros | number:'1.2-2' : portfolioTrendValueLabel requires all 3 expressions at the end of the expression [ {{ portfolioTrendHoveredPoint ? portfolioTrendHoveredPoint.profitEuros | number:'1.2-2' : portfolioTrendValueLabel }} ] in C:\Users\jorge\OneDrive\workspace\angular-app23\angular-app\src\app\pages\portfolio-home.component.html@115:14[0m [1m[35m[plugin angular-compiler][0m

    src/app/pages/portfolio-home.component.html:503:41:
[37m      503 │     <section class="modal-card" (click)="[32m$event.stopPropagation()[37m">
          ╵                                          [32m~~~~~~~~~~~~~~~~~~~~~~~~[0m

  Error occurs in the template of component PortfolioHomeComponent.

    src/app/pages/portfolio-home.component.ts:33:15:
[37m      33 │   templateUrl: [32m'./portfolio-home.component.html'[37m,
         ╵                [32m~~~~~~~~~~~~~~~~~~~~~~~~~~~~~~~~~[0m


[31mX [41;31m[[41;97mERROR[41;31m][0m [1mNG5002: Parser Error: Conditional expression portfolioTrendHoveredPoint ? portfolioTrendHoveredPoint.profitEuros | number:'1.2-2' : portfolioTrendValueLabel requires all 3 expressions at the end of the expression [ {{ portfolioTrendHoveredPoint ? portfolioTrendHoveredPoint.profitEuros | number:'1.2-2' : portfolioTrendValueLabel }} ] in C:\Users\jorge\OneDrive\workspace\angular-app23\angular-app\src\app\pages\portfolio-home.component.html@115:14[0m [1m[35m[plugin angular-compiler][0m

    src/app/pages/portfolio-home.component.html:509:59:
[37m      509 │ ...modal-close" (click)="[32mcloseAddFundModal()[37m" [disabled]="isCreat...
          ╵                          [32m~~~~~~~~~~~~~~~~~~~[0m

  Error occurs in the template of component PortfolioHomeComponent.

    src/app/pages/portfolio-home.component.ts:33:15:
[37m      33 │   templateUrl: [32m'./portfolio-home.component.html'[37m,
         ╵                [32m~~~~~~~~~~~~~~~~~~~~~~~~~~~~~~~~~[0m


[31mX [41;31m[[41;97mERROR[41;31m][0m [1mNG5002: Parser Error: Conditional expression portfolioTrendHoveredPoint ? portfolioTrendHoveredPoint.profitEuros | number:'1.2-2' : portfolioTrendValueLabel requires all 3 expressions at the end of the expression [ {{ portfolioTrendHoveredPoint ? portfolioTrendHoveredPoint.profitEuros | number:'1.2-2' : portfolioTrendValueLabel }} ] in C:\Users\jorge\OneDrive\workspace\angular-app23\angular-app\src\app\pages\portfolio-home.component.html@115:14[0m [1m[35m[plugin angular-compiler][0m

    src/app/pages/portfolio-home.component.html:509:92:
[37m      509 │ ...eAddFundModal()" [disabled]="[32misCreatingFund[37m" aria-label="Cerrar">
          ╵                                 [32m~~~~~~~~~~~~~~[0m

  Error occurs in the template of component PortfolioHomeComponent.

    src/app/pages/portfolio-home.component.ts:33:15:
[37m      33 │   templateUrl: [32m'./portfolio-home.component.html'[37m,
         ╵                [32m~~~~~~~~~~~~~~~~~~~~~~~~~~~~~~~~~[0m


[31mX [41;31m[[41;97mERROR[41;31m][0m [1mNG5002: Parser Error: Conditional expression portfolioTrendHoveredPoint ? portfolioTrendHoveredPoint.profitEuros | number:'1.2-2' : portfolioTrendValueLabel requires all 3 expressions at the end of the expression [ {{ portfolioTrendHoveredPoint ? portfolioTrendHoveredPoint.profitEuros | number:'1.2-2' : portfolioTrendValueLabel }} ] in C:\Users\jorge\OneDrive\workspace\angular-app23\angular-app\src\app\pages\portfolio-home.component.html@115:14[0m [1m[35m[plugin angular-compiler][0m

    src/app/pages/portfolio-home.component.html:519:23:
[37m      519 │             [ngModel]="[32mnewFundForm.name[37m"
          ╵                        [32m~~~~~~~~~~~~~~~~[0m

  Error occurs in the template of component PortfolioHomeComponent.

    src/app/pages/portfolio-home.component.ts:33:15:
[37m      33 │   templateUrl: [32m'./portfolio-home.component.html'[37m,
         ╵                [32m~~~~~~~~~~~~~~~~~~~~~~~~~~~~~~~~~[0m


[31mX [41;31m[[41;97mERROR[41;31m][0m [1mNG5002: Parser Error: Conditional expression portfolioTrendHoveredPoint ? portfolioTrendHoveredPoint.profitEuros | number:'1.2-2' : portfolioTrendValueLabel requires all 3 expressions at the end of the expression [ {{ portfolioTrendHoveredPoint ? portfolioTrendHoveredPoint.profitEuros | number:'1.2-2' : portfolioTrendValueLabel }} ] in C:\Users\jorge\OneDrive\workspace\angular-app23\angular-app\src\app\pages\portfolio-home.component.html@115:14[0m [1m[35m[plugin angular-compiler][0m

    src/app/pages/portfolio-home.component.html:520:29:
[37m      520 │             (ngModelChange)="[32mupdateNewFundField('name', $event)[37m"
          ╵                              [32m~~~~~~~~~~~~~~~~~~~~~~~~~~~~~~~~~~[0m

  Error occurs in the template of component PortfolioHomeComponent.

    src/app/pages/portfolio-home.component.ts:33:15:
[37m      33 │   templateUrl: [32m'./portfolio-home.component.html'[37m,
         ╵                [32m~~~~~~~~~~~~~~~~~~~~~~~~~~~~~~~~~[0m


[31mX [41;31m[[41;97mERROR[41;31m][0m [1mNG5002: Parser Error: Conditional expression portfolioTrendHoveredPoint ? portfolioTrendHoveredPoint.profitEuros | number:'1.2-2' : portfolioTrendValueLabel requires all 3 expressions at the end of the expression [ {{ portfolioTrendHoveredPoint ? portfolioTrendHoveredPoint.profitEuros | number:'1.2-2' : portfolioTrendValueLabel }} ] in C:\Users\jorge\OneDrive\workspace\angular-app23\angular-app\src\app\pages\portfolio-home.component.html@115:14[0m [1m[35m[plugin angular-compiler][0m

    src/app/pages/portfolio-home.component.html:521:24:
[37m      521 │             [disabled]="[32misCreatingFund[37m"
          ╵                         [32m~~~~~~~~~~~~~~[0m

  Error occurs in the template of component PortfolioHomeComponent.

    src/app/pages/portfolio-home.component.ts:33:15:
[37m      33 │   templateUrl: [32m'./portfolio-home.component.html'[37m,
         ╵                [32m~~~~~~~~~~~~~~~~~~~~~~~~~~~~~~~~~[0m


[31mX [41;31m[[41;97mERROR[41;31m][0m [1mNG5002: Parser Error: Conditional expression portfolioTrendHoveredPoint ? portfolioTrendHoveredPoint.profitEuros | number:'1.2-2' : portfolioTrendValueLabel requires all 3 expressions at the end of the expression [ {{ portfolioTrendHoveredPoint ? portfolioTrendHoveredPoint.profitEuros | number:'1.2-2' : portfolioTrendValueLabel }} ] in C:\Users\jorge\OneDrive\workspace\angular-app23\angular-app\src\app\pages\portfolio-home.component.html@115:14[0m [1m[35m[plugin angular-compiler][0m

    src/app/pages/portfolio-home.component.html:529:23:
[37m      529 │             [ngModel]="[32mnewFundForm.isin[37m"
          ╵                        [32m~~~~~~~~~~~~~~~~[0m

  Error occurs in the template of component PortfolioHomeComponent.

    src/app/pages/portfolio-home.component.ts:33:15:
[37m      33 │   templateUrl: [32m'./portfolio-home.component.html'[37m,
         ╵                [32m~~~~~~~~~~~~~~~~~~~~~~~~~~~~~~~~~[0m


[31mX [41;31m[[41;97mERROR[41;31m][0m [1mNG5002: Parser Error: Conditional expression portfolioTrendHoveredPoint ? portfolioTrendHoveredPoint.profitEuros | number:'1.2-2' : portfolioTrendValueLabel requires all 3 expressions at the end of the expression [ {{ portfolioTrendHoveredPoint ? portfolioTrendHoveredPoint.profitEuros | number:'1.2-2' : portfolioTrendValueLabel }} ] in C:\Users\jorge\OneDrive\workspace\angular-app23\angular-app\src\app\pages\portfolio-home.component.html@115:14[0m [1m[35m[plugin angular-compiler][0m

    src/app/pages/portfolio-home.component.html:530:29:
[37m      530 │             (ngModelChange)="[32mupdateNewFundField('isin', $event)[37m"
          ╵                              [32m~~~~~~~~~~~~~~~~~~~~~~~~~~~~~~~~~~[0m

  Error occurs in the template of component PortfolioHomeComponent.

    src/app/pages/portfolio-home.component.ts:33:15:
[37m      33 │   templateUrl: [32m'./portfolio-home.component.html'[37m,
         ╵                [32m~~~~~~~~~~~~~~~~~~~~~~~~~~~~~~~~~[0m


[31mX [41;31m[[41;97mERROR[41;31m][0m [1mNG5002: Parser Error: Conditional expression portfolioTrendHoveredPoint ? portfolioTrendHoveredPoint.profitEuros | number:'1.2-2' : portfolioTrendValueLabel requires all 3 expressions at the end of the expression [ {{ portfolioTrendHoveredPoint ? portfolioTrendHoveredPoint.profitEuros | number:'1.2-2' : portfolioTrendValueLabel }} ] in C:\Users\jorge\OneDrive\workspace\angular-app23\angular-app\src\app\pages\portfolio-home.component.html@115:14[0m [1m[35m[plugin angular-compiler][0m

    src/app/pages/portfolio-home.component.html:531:24:
[37m      531 │             [disabled]="[32misCreatingFund[37m"
          ╵                         [32m~~~~~~~~~~~~~~[0m

  Error occurs in the template of component PortfolioHomeComponent.

    src/app/pages/portfolio-home.component.ts:33:15:
[37m      33 │   templateUrl: [32m'./portfolio-home.component.html'[37m,
         ╵                [32m~~~~~~~~~~~~~~~~~~~~~~~~~~~~~~~~~[0m


[31mX [41;31m[[41;97mERROR[41;31m][0m [1mNG5002: Parser Error: Conditional expression portfolioTrendHoveredPoint ? portfolioTrendHoveredPoint.profitEuros | number:'1.2-2' : portfolioTrendValueLabel requires all 3 expressions at the end of the expression [ {{ portfolioTrendHoveredPoint ? portfolioTrendHoveredPoint.profitEuros | number:'1.2-2' : portfolioTrendValueLabel }} ] in C:\Users\jorge\OneDrive\workspace\angular-app23\angular-app\src\app\pages\portfolio-home.component.html@115:14[0m [1m[35m[plugin angular-compiler][0m

    src/app/pages/portfolio-home.component.html:539:23:
[37m      539 │             [ngModel]="[32mnewFundForm.type[37m"
          ╵                        [32m~~~~~~~~~~~~~~~~[0m

  Error occurs in the template of component PortfolioHomeComponent.

    src/app/pages/portfolio-home.component.ts:33:15:
[37m      33 │   templateUrl: [32m'./portfolio-home.component.html'[37m,
         ╵                [32m~~~~~~~~~~~~~~~~~~~~~~~~~~~~~~~~~[0m


[31mX [41;31m[[41;97mERROR[41;31m][0m [1mNG5002: Parser Error: Conditional expression portfolioTrendHoveredPoint ? portfolioTrendHoveredPoint.profitEuros | number:'1.2-2' : portfolioTrendValueLabel requires all 3 expressions at the end of the expression [ {{ portfolioTrendHoveredPoint ? portfolioTrendHoveredPoint.profitEuros | number:'1.2-2' : portfolioTrendValueLabel }} ] in C:\Users\jorge\OneDrive\workspace\angular-app23\angular-app\src\app\pages\portfolio-home.component.html@115:14[0m [1m[35m[plugin angular-compiler][0m

    src/app/pages/portfolio-home.component.html:540:29:
[37m      540 │             (ngModelChange)="[32mupdateNewFundField('type', $event)[37m"
          ╵                              [32m~~~~~~~~~~~~~~~~~~~~~~~~~~~~~~~~~~[0m

  Error occurs in the template of component PortfolioHomeComponent.

    src/app/pages/portfolio-home.component.ts:33:15:
[37m      33 │   templateUrl: [32m'./portfolio-home.component.html'[37m,
         ╵                [32m~~~~~~~~~~~~~~~~~~~~~~~~~~~~~~~~~[0m


[31mX [41;31m[[41;97mERROR[41;31m][0m [1mNG5002: Parser Error: Conditional expression portfolioTrendHoveredPoint ? portfolioTrendHoveredPoint.profitEuros | number:'1.2-2' : portfolioTrendValueLabel requires all 3 expressions at the end of the expression [ {{ portfolioTrendHoveredPoint ? portfolioTrendHoveredPoint.profitEuros | number:'1.2-2' : portfolioTrendValueLabel }} ] in C:\Users\jorge\OneDrive\workspace\angular-app23\angular-app\src\app\pages\portfolio-home.component.html@115:14[0m [1m[35m[plugin angular-compiler][0m

    src/app/pages/portfolio-home.component.html:541:24:
[37m      541 │             [disabled]="[32misCreatingFund[37m"
          ╵                         [32m~~~~~~~~~~~~~~[0m

  Error occurs in the template of component PortfolioHomeComponent.

    src/app/pages/portfolio-home.component.ts:33:15:
[37m      33 │   templateUrl: [32m'./portfolio-home.component.html'[37m,
         ╵                [32m~~~~~~~~~~~~~~~~~~~~~~~~~~~~~~~~~[0m


[31mX [41;31m[[41;97mERROR[41;31m][0m [1mNG5002: Parser Error: Conditional expression portfolioTrendHoveredPoint ? portfolioTrendHoveredPoint.profitEuros | number:'1.2-2' : portfolioTrendValueLabel requires all 3 expressions at the end of the expression [ {{ portfolioTrendHoveredPoint ? portfolioTrendHoveredPoint.profitEuros | number:'1.2-2' : portfolioTrendValueLabel }} ] in C:\Users\jorge\OneDrive\workspace\angular-app23\angular-app\src\app\pages\portfolio-home.component.html@115:14[0m [1m[35m[plugin angular-compiler][0m

    src/app/pages/portfolio-home.component.html:549:23:
[37m      549 │             [ngModel]="[32mnewFundForm.currency[37m"
          ╵                        [32m~~~~~~~~~~~~~~~~~~~~[0m

  Error occurs in the template of component PortfolioHomeComponent.

    src/app/pages/portfolio-home.component.ts:33:15:
[37m      33 │   templateUrl: [32m'./portfolio-home.component.html'[37m,
         ╵                [32m~~~~~~~~~~~~~~~~~~~~~~~~~~~~~~~~~[0m


[31mX [41;31m[[41;97mERROR[41;31m][0m [1mNG5002: Parser Error: Conditional expression portfolioTrendHoveredPoint ? portfolioTrendHoveredPoint.profitEuros | number:'1.2-2' : portfolioTrendValueLabel requires all 3 expressions at the end of the expression [ {{ portfolioTrendHoveredPoint ? portfolioTrendHoveredPoint.profitEuros | number:'1.2-2' : portfolioTrendValueLabel }} ] in C:\Users\jorge\OneDrive\workspace\angular-app23\angular-app\src\app\pages\portfolio-home.component.html@115:14[0m [1m[35m[plugin angular-compiler][0m

    src/app/pages/portfolio-home.component.html:550:29:
[37m      550 │             (ngModelChange)="[32mupdateNewFundField('currency', $event)[37m"
          ╵                              [32m~~~~~~~~~~~~~~~~~~~~~~~~~~~~~~~~~~~~~~[0m

  Error occurs in the template of component PortfolioHomeComponent.

    src/app/pages/portfolio-home.component.ts:33:15:
[37m      33 │   templateUrl: [32m'./portfolio-home.component.html'[37m,
         ╵                [32m~~~~~~~~~~~~~~~~~~~~~~~~~~~~~~~~~[0m


[31mX [41;31m[[41;97mERROR[41;31m][0m [1mNG5002: Parser Error: Conditional expression portfolioTrendHoveredPoint ? portfolioTrendHoveredPoint.profitEuros | number:'1.2-2' : portfolioTrendValueLabel requires all 3 expressions at the end of the expression [ {{ portfolioTrendHoveredPoint ? portfolioTrendHoveredPoint.profitEuros | number:'1.2-2' : portfolioTrendValueLabel }} ] in C:\Users\jorge\OneDrive\workspace\angular-app23\angular-app\src\app\pages\portfolio-home.component.html@115:14[0m [1m[35m[plugin angular-compiler][0m

    src/app/pages/portfolio-home.component.html:551:24:
[37m      551 │             [disabled]="[32misCreatingFund[37m"
          ╵                         [32m~~~~~~~~~~~~~~[0m

  Error occurs in the template of component PortfolioHomeComponent.

    src/app/pages/portfolio-home.component.ts:33:15:
[37m      33 │   templateUrl: [32m'./portfolio-home.component.html'[37m,
         ╵                [32m~~~~~~~~~~~~~~~~~~~~~~~~~~~~~~~~~[0m


[31mX [41;31m[[41;97mERROR[41;31m][0m [1mNG5002: Parser Error: Conditional expression portfolioTrendHoveredPoint ? portfolioTrendHoveredPoint.profitEuros | number:'1.2-2' : portfolioTrendValueLabel requires all 3 expressions at the end of the expression [ {{ portfolioTrendHoveredPoint ? portfolioTrendHoveredPoint.profitEuros | number:'1.2-2' : portfolioTrendValueLabel }} ] in C:\Users\jorge\OneDrive\workspace\angular-app23\angular-app\src\app\pages\portfolio-home.component.html@115:14[0m [1m[35m[plugin angular-compiler][0m

    src/app/pages/portfolio-home.component.html:559:23:
[37m      559 │             [ngModel]="[32mnewFundForm.totalInvested[37m"
          ╵                        [32m~~~~~~~~~~~~~~~~~~~~~~~~~[0m

  Error occurs in the template of component PortfolioHomeComponent.

    src/app/pages/portfolio-home.component.ts:33:15:
[37m      33 │   templateUrl: [32m'./portfolio-home.component.html'[37m,
         ╵                [32m~~~~~~~~~~~~~~~~~~~~~~~~~~~~~~~~~[0m


[31mX [41;31m[[41;97mERROR[41;31m][0m [1mNG5002: Parser Error: Conditional expression portfolioTrendHoveredPoint ? portfolioTrendHoveredPoint.profitEuros | number:'1.2-2' : portfolioTrendValueLabel requires all 3 expressions at the end of the expression [ {{ portfolioTrendHoveredPoint ? portfolioTrendHoveredPoint.profitEuros | number:'1.2-2' : portfolioTrendValueLabel }} ] in C:\Users\jorge\OneDrive\workspace\angular-app23\angular-app\src\app\pages\portfolio-home.component.html@115:14[0m [1m[35m[plugin angular-compiler][0m

    src/app/pages/portfolio-home.component.html:560:29:
[37m      560 │ ...    (ngModelChange)="[32mupdateNewFundField('totalInvested', $event)[37m"
          ╵                         [32m~~~~~~~~~~~~~~~~~~~~~~~~~~~~~~~~~~~~~~~~~~~[0m

  Error occurs in the template of component PortfolioHomeComponent.

    src/app/pages/portfolio-home.component.ts:33:15:
[37m      33 │   templateUrl: [32m'./portfolio-home.component.html'[37m,
         ╵                [32m~~~~~~~~~~~~~~~~~~~~~~~~~~~~~~~~~[0m


[31mX [41;31m[[41;97mERROR[41;31m][0m [1mNG5002: Parser Error: Conditional expression portfolioTrendHoveredPoint ? portfolioTrendHoveredPoint.profitEuros | number:'1.2-2' : portfolioTrendValueLabel requires all 3 expressions at the end of the expression [ {{ portfolioTrendHoveredPoint ? portfolioTrendHoveredPoint.profitEuros | number:'1.2-2' : portfolioTrendValueLabel }} ] in C:\Users\jorge\OneDrive\workspace\angular-app23\angular-app\src\app\pages\portfolio-home.component.html@115:14[0m [1m[35m[plugin angular-compiler][0m

    src/app/pages/portfolio-home.component.html:561:24:
[37m      561 │             [disabled]="[32misCreatingFund[37m"
          ╵                         [32m~~~~~~~~~~~~~~[0m

  Error occurs in the template of component PortfolioHomeComponent.

    src/app/pages/portfolio-home.component.ts:33:15:
[37m      33 │   templateUrl: [32m'./portfolio-home.component.html'[37m,
         ╵                [32m~~~~~~~~~~~~~~~~~~~~~~~~~~~~~~~~~[0m


[31mX [41;31m[[41;97mERROR[41;31m][0m [1mNG5002: Parser Error: Conditional expression portfolioTrendHoveredPoint ? portfolioTrendHoveredPoint.profitEuros | number:'1.2-2' : portfolioTrendValueLabel requires all 3 expressions at the end of the expression [ {{ portfolioTrendHoveredPoint ? portfolioTrendHoveredPoint.profitEuros | number:'1.2-2' : portfolioTrendValueLabel }} ] in C:\Users\jorge\OneDrive\workspace\angular-app23\angular-app\src\app\pages\portfolio-home.component.html@115:14[0m [1m[35m[plugin angular-compiler][0m

    src/app/pages/portfolio-home.component.html:569:23:
[37m      569 │             [ngModel]="[32mnewFundForm.shares[37m"
          ╵                        [32m~~~~~~~~~~~~~~~~~~[0m

  Error occurs in the template of component PortfolioHomeComponent.

    src/app/pages/portfolio-home.component.ts:33:15:
[37m      33 │   templateUrl: [32m'./portfolio-home.component.html'[37m,
         ╵                [32m~~~~~~~~~~~~~~~~~~~~~~~~~~~~~~~~~[0m


[31mX [41;31m[[41;97mERROR[41;31m][0m [1mNG5002: Parser Error: Conditional expression portfolioTrendHoveredPoint ? portfolioTrendHoveredPoint.profitEuros | number:'1.2-2' : portfolioTrendValueLabel requires all 3 expressions at the end of the expression [ {{ portfolioTrendHoveredPoint ? portfolioTrendHoveredPoint.profitEuros | number:'1.2-2' : portfolioTrendValueLabel }} ] in C:\Users\jorge\OneDrive\workspace\angular-app23\angular-app\src\app\pages\portfolio-home.component.html@115:14[0m [1m[35m[plugin angular-compiler][0m

    src/app/pages/portfolio-home.component.html:570:29:
[37m      570 │             (ngModelChange)="[32mupdateNewFundField('shares', $event)[37m"
          ╵                              [32m~~~~~~~~~~~~~~~~~~~~~~~~~~~~~~~~~~~~[0m

  Error occurs in the template of component PortfolioHomeComponent.

    src/app/pages/portfolio-home.component.ts:33:15:
[37m      33 │   templateUrl: [32m'./portfolio-home.component.html'[37m,
         ╵                [32m~~~~~~~~~~~~~~~~~~~~~~~~~~~~~~~~~[0m


[31mX [41;31m[[41;97mERROR[41;31m][0m [1mNG5002: Parser Error: Conditional expression portfolioTrendHoveredPoint ? portfolioTrendHoveredPoint.profitEuros | number:'1.2-2' : portfolioTrendValueLabel requires all 3 expressions at the end of the expression [ {{ portfolioTrendHoveredPoint ? portfolioTrendHoveredPoint.profitEuros | number:'1.2-2' : portfolioTrendValueLabel }} ] in C:\Users\jorge\OneDrive\workspace\angular-app23\angular-app\src\app\pages\portfolio-home.component.html@115:14[0m [1m[35m[plugin angular-compiler][0m

    src/app/pages/portfolio-home.component.html:571:24:
[37m      571 │             [disabled]="[32misCreatingFund[37m"
          ╵                         [32m~~~~~~~~~~~~~~[0m

  Error occurs in the template of component PortfolioHomeComponent.

    src/app/pages/portfolio-home.component.ts:33:15:
[37m      33 │   templateUrl: [32m'./portfolio-home.component.html'[37m,
         ╵                [32m~~~~~~~~~~~~~~~~~~~~~~~~~~~~~~~~~[0m


[31mX [41;31m[[41;97mERROR[41;31m][0m [1mNG5002: Parser Error: Conditional expression portfolioTrendHoveredPoint ? portfolioTrendHoveredPoint.profitEuros | number:'1.2-2' : portfolioTrendValueLabel requires all 3 expressions at the end of the expression [ {{ portfolioTrendHoveredPoint ? portfolioTrendHoveredPoint.profitEuros | number:'1.2-2' : portfolioTrendValueLabel }} ] in C:\Users\jorge\OneDrive\workspace\angular-app23\angular-app\src\app\pages\portfolio-home.component.html@115:14[0m [1m[35m[plugin angular-compiler][0m

    src/app/pages/portfolio-home.component.html:576:11:
[37m      576 │       @if ([32mcreateFundErrorMessage[37m) {
          ╵            [32m~~~~~~~~~~~~~~~~~~~~~~[0m

  Error occurs in the template of component PortfolioHomeComponent.

    src/app/pages/portfolio-home.component.ts:33:15:
[37m      33 │   templateUrl: [32m'./portfolio-home.component.html'[37m,
         ╵                [32m~~~~~~~~~~~~~~~~~~~~~~~~~~~~~~~~~[0m


[31mX [41;31m[[41;97mERROR[41;31m][0m [1mNG5002: Parser Error: Conditional expression portfolioTrendHoveredPoint ? portfolioTrendHoveredPoint.profitEuros | number:'1.2-2' : portfolioTrendValueLabel requires all 3 expressions at the end of the expression [ {{ portfolioTrendHoveredPoint ? portfolioTrendHoveredPoint.profitEuros | number:'1.2-2' : portfolioTrendValueLabel }} ] in C:\Users\jorge\OneDrive\workspace\angular-app23\angular-app\src\app\pages\portfolio-home.component.html@115:14[0m [1m[35m[plugin angular-compiler][0m

    src/app/pages/portfolio-home.component.html:577:31:
[37m      577 │         <p class="modal-error">[32m{{ createFundErrorMessage }}[37m</p>
          ╵                                [32m~~~~~~~~~~~~~~~~~~~~~~~~~~~~[0m

  Error occurs in the template of component PortfolioHomeComponent.

    src/app/pages/portfolio-home.component.ts:33:15:
[37m      33 │   templateUrl: [32m'./portfolio-home.component.html'[37m,
         ╵                [32m~~~~~~~~~~~~~~~~~~~~~~~~~~~~~~~~~[0m


[31mX [41;31m[[41;97mERROR[41;31m][0m [1mNG5002: Parser Error: Conditional expression portfolioTrendHoveredPoint ? portfolioTrendHoveredPoint.profitEuros | number:'1.2-2' : portfolioTrendValueLabel requires all 3 expressions at the end of the expression [ {{ portfolioTrendHoveredPoint ? portfolioTrendHoveredPoint.profitEuros | number:'1.2-2' : portfolioTrendValueLabel }} ] in C:\Users\jorge\OneDrive\workspace\angular-app23\angular-app\src\app\pages\portfolio-home.component.html@115:14[0m [1m[35m[plugin angular-compiler][0m

    src/app/pages/portfolio-home.component.html:581:80:
[37m      581 │ ...tton--ghost" (click)="[32mcloseAddFundModal()[37m" [disabled]="isCreat...
          ╵                          [32m~~~~~~~~~~~~~~~~~~~[0m

  Error occurs in the template of component PortfolioHomeComponent.

    src/app/pages/portfolio-home.component.ts:33:15:
[37m      33 │   templateUrl: [32m'./portfolio-home.component.html'[37m,
         ╵                [32m~~~~~~~~~~~~~~~~~~~~~~~~~~~~~~~~~[0m


[31mX [41;31m[[41;97mERROR[41;31m][0m [1mNG5002: Parser Error: Conditional expression portfolioTrendHoveredPoint ? portfolioTrendHoveredPoint.profitEuros | number:'1.2-2' : portfolioTrendValueLabel requires all 3 expressions at the end of the expression [ {{ portfolioTrendHoveredPoint ? portfolioTrendHoveredPoint.profitEuros | number:'1.2-2' : portfolioTrendValueLabel }} ] in C:\Users\jorge\OneDrive\workspace\angular-app23\angular-app\src\app\pages\portfolio-home.component.html@115:14[0m [1m[35m[plugin angular-compiler][0m

    src/app/pages/portfolio-home.component.html:581:113:
[37m      581 │ ...ghost" (click)="closeAddFundModal()" [disabled]="[32misCreatingFund[37m">
          ╵                                                     [32m~~~~~~~~~~~~~~[0m

  Error occurs in the template of component PortfolioHomeComponent.

    src/app/pages/portfolio-home.component.ts:33:15:
[37m      33 │   templateUrl: [32m'./portfolio-home.component.html'[37m,
         ╵                [32m~~~~~~~~~~~~~~~~~~~~~~~~~~~~~~~~~[0m


[31mX [41;31m[[41;97mERROR[41;31m][0m [1mNG5002: Parser Error: Conditional expression portfolioTrendHoveredPoint ? portfolioTrendHoveredPoint.profitEuros | number:'1.2-2' : portfolioTrendValueLabel requires all 3 expressions at the end of the expression [ {{ portfolioTrendHoveredPoint ? portfolioTrendHoveredPoint.profitEuros | number:'1.2-2' : portfolioTrendValueLabel }} ] in C:\Users\jorge\OneDrive\workspace\angular-app23\angular-app\src\app\pages\portfolio-home.component.html@115:14[0m [1m[35m[plugin angular-compiler][0m

    src/app/pages/portfolio-home.component.html:584:82:
[37m      584 │ ...tton--primary" (click)="[32msubmitNewFund()[37m" [disabled]="isCreatin...
          ╵                            [32m~~~~~~~~~~~~~~~[0m

  Error occurs in the template of component PortfolioHomeComponent.

    src/app/pages/portfolio-home.component.ts:33:15:
[37m      33 │   templateUrl: [32m'./portfolio-home.component.html'[37m,
         ╵                [32m~~~~~~~~~~~~~~~~~~~~~~~~~~~~~~~~~[0m


[31mX [41;31m[[41;97mERROR[41;31m][0m [1mNG5002: Parser Error: Conditional expression portfolioTrendHoveredPoint ? portfolioTrendHoveredPoint.profitEuros | number:'1.2-2' : portfolioTrendValueLabel requires all 3 expressions at the end of the expression [ {{ portfolioTrendHoveredPoint ? portfolioTrendHoveredPoint.profitEuros | number:'1.2-2' : portfolioTrendValueLabel }} ] in C:\Users\jorge\OneDrive\workspace\angular-app23\angular-app\src\app\pages\portfolio-home.component.html@115:14[0m [1m[35m[plugin angular-compiler][0m

    src/app/pages/portfolio-home.component.html:584:111:
[37m      584 │ ...--primary" (click)="submitNewFund()" [disabled]="[32misCreatingFund[37m">
          ╵                                                     [32m~~~~~~~~~~~~~~[0m

  Error occurs in the template of component PortfolioHomeComponent.

    src/app/pages/portfolio-home.component.ts:33:15:
[37m      33 │   templateUrl: [32m'./portfolio-home.component.html'[37m,
         ╵                [32m~~~~~~~~~~~~~~~~~~~~~~~~~~~~~~~~~[0m


[31mX [41;31m[[41;97mERROR[41;31m][0m [1mNG5002: Parser Error: Conditional expression portfolioTrendHoveredPoint ? portfolioTrendHoveredPoint.profitEuros | number:'1.2-2' : portfolioTrendValueLabel requires all 3 expressions at the end of the expression [ {{ portfolioTrendHoveredPoint ? portfolioTrendHoveredPoint.profitEuros | number:'1.2-2' : portfolioTrendValueLabel }} ] in C:\Users\jorge\OneDrive\workspace\angular-app23\angular-app\src\app\pages\portfolio-home.component.html@115:14[0m [1m[35m[plugin angular-compiler][0m

    src/app/pages/portfolio-home.component.html:585:10:
[37m      585 │           [32m{{ isCreatingFund ? 'Añadiendo...' : 'Añadir' }}[37m
          ╵           [32m~~~~~~~~~~~~~~~~~~~~~~~~~~~~~~~~~~~~~~~~~~~~~~~~[0m

  Error occurs in the template of component PortfolioHomeComponent.

    src/app/pages/portfolio-home.component.ts:33:15:
[37m      33 │   templateUrl: [32m'./portfolio-home.component.html'[37m,
         ╵                [32m~~~~~~~~~~~~~~~~~~~~~~~~~~~~~~~~~[0m


[31mX [41;31m[[41;97mERROR[41;31m][0m [1mNG5002: Parser Error: Conditional expression portfolioTrendHoveredPoint ? portfolioTrendHoveredPoint.profitEuros | number:'1.2-2' : portfolioTrendValueLabel requires all 3 expressions at the end of the expression [ {{ portfolioTrendHoveredPoint ? portfolioTrendHoveredPoint.profitEuros | number:'1.2-2' : portfolioTrendValueLabel }} ] in C:\Users\jorge\OneDrive\workspace\angular-app23\angular-app\src\app\pages\portfolio-home.component.html@115:14[0m [1m[35m[plugin angular-compiler][0m

    src/app/pages/portfolio-home.component.html:592:5:
[37m      592 │ @if ([32misDeleteFundModalOpen && fundPendingDeletion[37m) {
          ╵      [32m~~~~~~~~~~~~~~~~~~~~~~~~~~~~~~~~~~~~~~~~~~~~[0m

  Error occurs in the template of component PortfolioHomeComponent.

    src/app/pages/portfolio-home.component.ts:33:15:
[37m      33 │   templateUrl: [32m'./portfolio-home.component.html'[37m,
         ╵                [32m~~~~~~~~~~~~~~~~~~~~~~~~~~~~~~~~~[0m


[31mX [41;31m[[41;97mERROR[41;31m][0m [1mNG5002: Parser Error: Conditional expression portfolioTrendHoveredPoint ? portfolioTrendHoveredPoint.profitEuros | number:'1.2-2' : portfolioTrendValueLabel requires all 3 expressions at the end of the expression [ {{ portfolioTrendHoveredPoint ? portfolioTrendHoveredPoint.profitEuros | number:'1.2-2' : portfolioTrendValueLabel }} ] in C:\Users\jorge\OneDrive\workspace\angular-app23\angular-app\src\app\pages\portfolio-home.component.html@115:14[0m [1m[35m[plugin angular-compiler][0m

    src/app/pages/portfolio-home.component.html:593:39:
[37m      593 │   <div class="modal-backdrop" (click)="[32mcloseDeleteFundModal()[37m">
          ╵                                        [32m~~~~~~~~~~~~~~~~~~~~~~[0m

  Error occurs in the template of component PortfolioHomeComponent.

    src/app/pages/portfolio-home.component.ts:33:15:
[37m      33 │   templateUrl: [32m'./portfolio-home.component.html'[37m,
         ╵                [32m~~~~~~~~~~~~~~~~~~~~~~~~~~~~~~~~~[0m


[31mX [41;31m[[41;97mERROR[41;31m][0m [1mNG5002: Parser Error: Conditional expression portfolioTrendHoveredPoint ? portfolioTrendHoveredPoint.profitEuros | number:'1.2-2' : portfolioTrendValueLabel requires all 3 expressions at the end of the expression [ {{ portfolioTrendHoveredPoint ? portfolioTrendHoveredPoint.profitEuros | number:'1.2-2' : portfolioTrendValueLabel }} ] in C:\Users\jorge\OneDrive\workspace\angular-app23\angular-app\src\app\pages\portfolio-home.component.html@115:14[0m [1m[35m[plugin angular-compiler][0m

    src/app/pages/portfolio-home.component.html:594:61:
[37m      594 │ ...dal-card modal-card--confirm" (click)="[32m$event.stopPropagation()[37m">
          ╵                                           [32m~~~~~~~~~~~~~~~~~~~~~~~~[0m

  Error occurs in the template of component PortfolioHomeComponent.

    src/app/pages/portfolio-home.component.ts:33:15:
[37m      33 │   templateUrl: [32m'./portfolio-home.component.html'[37m,
         ╵                [32m~~~~~~~~~~~~~~~~~~~~~~~~~~~~~~~~~[0m


[31mX [41;31m[[41;97mERROR[41;31m][0m [1mNG5002: Parser Error: Conditional expression portfolioTrendHoveredPoint ? portfolioTrendHoveredPoint.profitEuros | number:'1.2-2' : portfolioTrendValueLabel requires all 3 expressions at the end of the expression [ {{ portfolioTrendHoveredPoint ? portfolioTrendHoveredPoint.profitEuros | number:'1.2-2' : portfolioTrendValueLabel }} ] in C:\Users\jorge\OneDrive\workspace\angular-app23\angular-app\src\app\pages\portfolio-home.component.html@115:14[0m [1m[35m[plugin angular-compiler][0m

    src/app/pages/portfolio-home.component.html:600:59:
[37m      600 │ ...dal-close" (click)="[32mcloseDeleteFundModal()[37m" [disabled]="isDele...
          ╵                        [32m~~~~~~~~~~~~~~~~~~~~~~[0m

  Error occurs in the template of component PortfolioHomeComponent.

    src/app/pages/portfolio-home.component.ts:33:15:
[37m      33 │   templateUrl: [32m'./portfolio-home.component.html'[37m,
         ╵                [32m~~~~~~~~~~~~~~~~~~~~~~~~~~~~~~~~~[0m


[31mX [41;31m[[41;97mERROR[41;31m][0m [1mNG5002: Parser Error: Conditional expression portfolioTrendHoveredPoint ? portfolioTrendHoveredPoint.profitEuros | number:'1.2-2' : portfolioTrendValueLabel requires all 3 expressions at the end of the expression [ {{ portfolioTrendHoveredPoint ? portfolioTrendHoveredPoint.profitEuros | number:'1.2-2' : portfolioTrendValueLabel }} ] in C:\Users\jorge\OneDrive\workspace\angular-app23\angular-app\src\app\pages\portfolio-home.component.html@115:14[0m [1m[35m[plugin angular-compiler][0m

    src/app/pages/portfolio-home.component.html:600:95:
[37m      600 │ ...leteFundModal()" [disabled]="[32misDeletingFund[37m" aria-label="Cerrar">
          ╵                                 [32m~~~~~~~~~~~~~~[0m

  Error occurs in the template of component PortfolioHomeComponent.

    src/app/pages/portfolio-home.component.ts:33:15:
[37m      33 │   templateUrl: [32m'./portfolio-home.component.html'[37m,
         ╵                [32m~~~~~~~~~~~~~~~~~~~~~~~~~~~~~~~~~[0m


[31mX [41;31m[[41;97mERROR[41;31m][0m [1mNG5002: Parser Error: Conditional expression portfolioTrendHoveredPoint ? portfolioTrendHoveredPoint.profitEuros | number:'1.2-2' : portfolioTrendValueLabel requires all 3 expressions at the end of the expression [ {{ portfolioTrendHoveredPoint ? portfolioTrendHoveredPoint.profitEuros | number:'1.2-2' : portfolioTrendValueLabel }} ] in C:\Users\jorge\OneDrive\workspace\angular-app23\angular-app\src\app\pages\portfolio-home.component.html@115:14[0m [1m[35m[plugin angular-compiler][0m

    src/app/pages/portfolio-home.component.html:606:29:
[37m      606 │ ...iminará <strong[32m>{{ fundPendingDeletion.name }[37m}</strong> de la...
          ╵                   [32m~~~~~~~~~~~~~~~~~~~~~~~~~~~~~~[0m

  Error occurs in the template of component PortfolioHomeComponent.

    src/app/pages/portfolio-home.component.ts:33:15:
[37m      33 │   templateUrl: [32m'./portfolio-home.component.html'[37m,
         ╵                [32m~~~~~~~~~~~~~~~~~~~~~~~~~~~~~~~~~[0m


[31mX [41;31m[[41;97mERROR[41;31m][0m [1mNG5002: Parser Error: Conditional expression portfolioTrendHoveredPoint ? portfolioTrendHoveredPoint.profitEuros | number:'1.2-2' : portfolioTrendValueLabel requires all 3 expressions at the end of the expression [ {{ portfolioTrendHoveredPoint ? portfolioTrendHoveredPoint.profitEuros | number:'1.2-2' : portfolioTrendValueLabel }} ] in C:\Users\jorge\OneDrive\workspace\angular-app23\angular-app\src\app\pages\portfolio-home.component.html@115:14[0m [1m[35m[plugin angular-compiler][0m

    src/app/pages/portfolio-home.component.html:609:11:
[37m      609 │       @if ([32mdeleteFundErrorMessage[37m) {
          ╵            [32m~~~~~~~~~~~~~~~~~~~~~~[0m

  Error occurs in the template of component PortfolioHomeComponent.

    src/app/pages/portfolio-home.component.ts:33:15:
[37m      33 │   templateUrl: [32m'./portfolio-home.component.html'[37m,
         ╵                [32m~~~~~~~~~~~~~~~~~~~~~~~~~~~~~~~~~[0m


[31mX [41;31m[[41;97mERROR[41;31m][0m [1mNG5002: Parser Error: Conditional expression portfolioTrendHoveredPoint ? portfolioTrendHoveredPoint.profitEuros | number:'1.2-2' : portfolioTrendValueLabel requires all 3 expressions at the end of the expression [ {{ portfolioTrendHoveredPoint ? portfolioTrendHoveredPoint.profitEuros | number:'1.2-2' : portfolioTrendValueLabel }} ] in C:\Users\jorge\OneDrive\workspace\angular-app23\angular-app\src\app\pages\portfolio-home.component.html@115:14[0m [1m[35m[plugin angular-compiler][0m

    src/app/pages/portfolio-home.component.html:610:31:
[37m      610 │         <p class="modal-error">[32m{{ deleteFundErrorMessage }}[37m</p>
          ╵                                [32m~~~~~~~~~~~~~~~~~~~~~~~~~~~~[0m

  Error occurs in the template of component PortfolioHomeComponent.

    src/app/pages/portfolio-home.component.ts:33:15:
[37m      33 │   templateUrl: [32m'./portfolio-home.component.html'[37m,
         ╵                [32m~~~~~~~~~~~~~~~~~~~~~~~~~~~~~~~~~[0m


[31mX [41;31m[[41;97mERROR[41;31m][0m [1mNG5002: Parser Error: Conditional expression portfolioTrendHoveredPoint ? portfolioTrendHoveredPoint.profitEuros | number:'1.2-2' : portfolioTrendValueLabel requires all 3 expressions at the end of the expression [ {{ portfolioTrendHoveredPoint ? portfolioTrendHoveredPoint.profitEuros | number:'1.2-2' : portfolioTrendValueLabel }} ] in C:\Users\jorge\OneDrive\workspace\angular-app23\angular-app\src\app\pages\portfolio-home.component.html@115:14[0m [1m[35m[plugin angular-compiler][0m

    src/app/pages/portfolio-home.component.html:614:80:
[37m      614 │ ...on--ghost" (click)="[32mcloseDeleteFundModal()[37m" [disabled]="isDele...
          ╵                        [32m~~~~~~~~~~~~~~~~~~~~~~[0m

  Error occurs in the template of component PortfolioHomeComponent.

    src/app/pages/portfolio-home.component.ts:33:15:
[37m      33 │   templateUrl: [32m'./portfolio-home.component.html'[37m,
         ╵                [32m~~~~~~~~~~~~~~~~~~~~~~~~~~~~~~~~~[0m


[31mX [41;31m[[41;97mERROR[41;31m][0m [1mNG5002: Parser Error: Conditional expression portfolioTrendHoveredPoint ? portfolioTrendHoveredPoint.profitEuros | number:'1.2-2' : portfolioTrendValueLabel requires all 3 expressions at the end of the expression [ {{ portfolioTrendHoveredPoint ? portfolioTrendHoveredPoint.profitEuros | number:'1.2-2' : portfolioTrendValueLabel }} ] in C:\Users\jorge\OneDrive\workspace\angular-app23\angular-app\src\app\pages\portfolio-home.component.html@115:14[0m [1m[35m[plugin angular-compiler][0m

    src/app/pages/portfolio-home.component.html:614:116:
[37m      614 │ ...st" (click)="closeDeleteFundModal()" [disabled]="[32misDeletingFund[37m">
          ╵                                                     [32m~~~~~~~~~~~~~~[0m

  Error occurs in the template of component PortfolioHomeComponent.

    src/app/pages/portfolio-home.component.ts:33:15:
[37m      33 │   templateUrl: [32m'./portfolio-home.component.html'[37m,
         ╵                [32m~~~~~~~~~~~~~~~~~~~~~~~~~~~~~~~~~[0m


[31mX [41;31m[[41;97mERROR[41;31m][0m [1mNG5002: Parser Error: Conditional expression portfolioTrendHoveredPoint ? portfolioTrendHoveredPoint.profitEuros | number:'1.2-2' : portfolioTrendValueLabel requires all 3 expressions at the end of the expression [ {{ portfolioTrendHoveredPoint ? portfolioTrendHoveredPoint.profitEuros | number:'1.2-2' : portfolioTrendValueLabel }} ] in C:\Users\jorge\OneDrive\workspace\angular-app23\angular-app\src\app\pages\portfolio-home.component.html@115:14[0m [1m[35m[plugin angular-compiler][0m

    src/app/pages/portfolio-home.component.html:617:81:
[37m      617 │ ...ton--danger" (click)="[32mconfirmDeleteFund()[37m" [disabled]="isDelet...
          ╵                          [32m~~~~~~~~~~~~~~~~~~~[0m

  Error occurs in the template of component PortfolioHomeComponent.

    src/app/pages/portfolio-home.component.ts:33:15:
[37m      33 │   templateUrl: [32m'./portfolio-home.component.html'[37m,
         ╵                [32m~~~~~~~~~~~~~~~~~~~~~~~~~~~~~~~~~[0m


[31mX [41;31m[[41;97mERROR[41;31m][0m [1mNG5002: Parser Error: Conditional expression portfolioTrendHoveredPoint ? portfolioTrendHoveredPoint.profitEuros | number:'1.2-2' : portfolioTrendValueLabel requires all 3 expressions at the end of the expression [ {{ portfolioTrendHoveredPoint ? portfolioTrendHoveredPoint.profitEuros | number:'1.2-2' : portfolioTrendValueLabel }} ] in C:\Users\jorge\OneDrive\workspace\angular-app23\angular-app\src\app\pages\portfolio-home.component.html@115:14[0m [1m[35m[plugin angular-compiler][0m

    src/app/pages/portfolio-home.component.html:617:114:
[37m      617 │ ...anger" (click)="confirmDeleteFund()" [disabled]="[32misDeletingFund[37m">
          ╵                                                     [32m~~~~~~~~~~~~~~[0m

  Error occurs in the template of component PortfolioHomeComponent.

    src/app/pages/portfolio-home.component.ts:33:15:
[37m      33 │   templateUrl: [32m'./portfolio-home.component.html'[37m,
         ╵                [32m~~~~~~~~~~~~~~~~~~~~~~~~~~~~~~~~~[0m


[31mX [41;31m[[41;97mERROR[41;31m][0m [1mNG5002: Parser Error: Conditional expression portfolioTrendHoveredPoint ? portfolioTrendHoveredPoint.profitEuros | number:'1.2-2' : portfolioTrendValueLabel requires all 3 expressions at the end of the expression [ {{ portfolioTrendHoveredPoint ? portfolioTrendHoveredPoint.profitEuros | number:'1.2-2' : portfolioTrendValueLabel }} ] in C:\Users\jorge\OneDrive\workspace\angular-app23\angular-app\src\app\pages\portfolio-home.component.html@115:14[0m [1m[35m[plugin angular-compiler][0m

    src/app/pages/portfolio-home.component.html:618:10:
[37m      618 │           [32m{{ isDeletingFund ? 'Eliminando...' : 'Continuar' }}[37m
          ╵           [32m~~~~~~~~~~~~~~~~~~~~~~~~~~~~~~~~~~~~~~~~~~~~~~~~~~~~[0m

  Error occurs in the template of component PortfolioHomeComponent.

    src/app/pages/portfolio-home.component.ts:33:15:
[37m      33 │   templateUrl: [32m'./portfolio-home.component.html'[37m,
         ╵                [32m~~~~~~~~~~~~~~~~~~~~~~~~~~~~~~~~~[0m


[31mX [41;31m[[41;97mERROR[41;31m][0m [1mTS2304: Cannot find name 'formatDateEs'.[0m [1m[35m[plugin angular-compiler][0m

    src/app/pages/portfolio-home.component.ts:253:14:
[37m      253 │     return `${[32mformatDateEs[37m(points[0].date)} - ${formatDateEs(poin...
          ╵               [32m~~~~~~~~~~~~[0m


[31mX [41;31m[[41;97mERROR[41;31m][0m [1mTS2304: Cannot find name 'formatDateEs'.[0m [1m[35m[plugin angular-compiler][0m

    src/app/pages/portfolio-home.component.ts:253:48:
[37m      253 │ ...eEs(points[0].date)} - ${[32mformatDateEs[37m(points[points.length - 1...
          ╵                             [32m~~~~~~~~~~~~[0m


[31mX [41;31m[[41;97mERROR[41;31m][0m [1mTS2304: Cannot find name 'formatDateEs'.[0m [1m[35m[plugin angular-compiler][0m

    src/app/pages/portfolio-home.component.ts:288:13:
[37m      288 │       label: [32mformatDateEs[37m(points[index].date),
          ╵              [32m~~~~~~~~~~~~[0m

[39m[22m
[1m[33m[33m▲ [43;33m[[43;30mWARNING[43;33m][0m [1mNG8107: The left side of this optional chain operation does not include 'null' or 'undefined' in its type, therefore the '?.' operator can be replaced with the '.' operator.[0m [1m[35m[plugin angular-compiler][0m

    src/app/pages/portfolio-home.component.html:114:153:
[37m      114 │ ...[filteredPortfolioTrendSeries.length - 1]?.[32mprofitEuros[37m ?? 0) < 0"
          ╵                                               [32m~~~~~~~~~~~[0m

  Error occurs in the template of component PortfolioHomeComponent.

    src/app/pages/portfolio-home.component.ts:33:15:
[37m      33 │   templateUrl: [32m'./portfolio-home.component.html'[37m,
         ╵                [32m~~~~~~~~~~~~~~~~~~~~~~~~~~~~~~~~~[0m


[33m▲ [43;33m[[43;30mWARNING[43;33m][0m [1mNG8107: The left side of this optional chain operation does not include 'null' or 'undefined' in its type, therefore the '?.' operator can be replaced with the '.' operator.[0m [1m[35m[plugin angular-compiler][0m

    src/app/pages/portfolio-home.component.html:115:153:
[37m      115 │ ...filteredPortfolioTrendSeries.length - 1]?.[32mprofitEuros[37m ?? 0) > 0">
          ╵                                              [32m~~~~~~~~~~~[0m

  Error occurs in the template of component PortfolioHomeComponent.

    src/app/pages/portfolio-home.component.ts:33:15:
[37m      33 │   templateUrl: [32m'./portfolio-home.component.html'[37m,
         ╵                [32m~~~~~~~~~~~~~~~~~~~~~~~~~~~~~~~~~[0m

[39m[22m
[1m[31m[31mX [41;31m[[41;97mERROR[41;31m][0m [1mNG1: Property 'filteredPortfolioTrendSeries' is private and only accessible within class 'PortfolioHomeComponent'.[0m [1m[35m[plugin angular-compiler][0m

    src/app/pages/portfolio-home.component.html:114:82:
[37m      114 │ ...?.profitEuros ?? [32mfilteredPortfolioTrendSeries[37m[filteredPortfoli...
          ╵                     [32m~~~~~~~~~~~~~~~~~~~~~~~~~~~~[0m

  Error occurs in the template of component PortfolioHomeComponent.

    src/app/pages/portfolio-home.component.ts:33:15:
[37m      33 │   templateUrl: [32m'./portfolio-home.component.html'[37m,
         ╵                [32m~~~~~~~~~~~~~~~~~~~~~~~~~~~~~~~~~[0m


[31mX [41;31m[[41;97mERROR[41;31m][0m [1mNG1: Property 'filteredPortfolioTrendSeries' is private and only accessible within class 'PortfolioHomeComponent'.[0m [1m[35m[plugin angular-compiler][0m

    src/app/pages/portfolio-home.component.html:114:111:
[37m      114 │ ...folioTrendSeries[[32mfilteredPortfolioTrendSeries[37m.length - 1]?.pro...
          ╵                     [32m~~~~~~~~~~~~~~~~~~~~~~~~~~~~[0m

  Error occurs in the template of component PortfolioHomeComponent.

    src/app/pages/portfolio-home.component.ts:33:15:
[37m      33 │   templateUrl: [32m'./portfolio-home.component.html'[37m,
         ╵                [32m~~~~~~~~~~~~~~~~~~~~~~~~~~~~~~~~~[0m


[31mX [41;31m[[41;97mERROR[41;31m][0m [1mNG1: Property 'filteredPortfolioTrendSeries' is private and only accessible within class 'PortfolioHomeComponent'.[0m [1m[35m[plugin angular-compiler][0m

    src/app/pages/portfolio-home.component.html:115:82:
[37m      115 │ ...?.profitEuros ?? [32mfilteredPortfolioTrendSeries[37m[filteredPortfoli...
          ╵                     [32m~~~~~~~~~~~~~~~~~~~~~~~~~~~~[0m

  Error occurs in the template of component PortfolioHomeComponent.

    src/app/pages/portfolio-home.component.ts:33:15:
[37m      33 │   templateUrl: [32m'./portfolio-home.component.html'[37m,
         ╵                [32m~~~~~~~~~~~~~~~~~~~~~~~~~~~~~~~~~[0m


[31mX [41;31m[[41;97mERROR[41;31m][0m [1mNG1: Property 'filteredPortfolioTrendSeries' is private and only accessible within class 'PortfolioHomeComponent'.[0m [1m[35m[plugin angular-compiler][0m

    src/app/pages/portfolio-home.component.html:115:111:
[37m      115 │ ...folioTrendSeries[[32mfilteredPortfolioTrendSeries[37m.length - 1]?.pro...
          ╵                     [32m~~~~~~~~~~~~~~~~~~~~~~~~~~~~[0m

  Error occurs in the template of component PortfolioHomeComponent.

    src/app/pages/portfolio-home.component.ts:33:15:
[37m      33 │   templateUrl: [32m'./portfolio-home.component.html'[37m,
         ╵                [32m~~~~~~~~~~~~~~~~~~~~~~~~~~~~~~~~~[0m


[31mX [41;31m[[41;97mERROR[41;31m][0m [1mNG5002: Parser Error: Conditional expression portfolioTrendHoveredPoint ? portfolioTrendHoveredPoint.profitEuros | number:'1.2-2' : portfolioTrendValueLabel requires all 3 expressions at the end of the expression [ {{ portfolioTrendHoveredPoint ? portfolioTrendHoveredPoint.profitEuros | number:'1.2-2' : portfolioTrendValueLabel }} ] in C:\Users\jorge\OneDrive\workspace\angular-app23\angular-app\src\app\pages\portfolio-home.component.html@115:14[0m [1m[35m[plugin angular-compiler][0m

    src/app/pages/portfolio-home.component.html:116:14:
[37m      116 │ ...          [32m{{ portfolioTrendHoveredPoint ? portfolioTrendHovere[37m...
          ╵              [32m~~~~~~~~~~~~~~~~~~~~~~~~~~~~~~~~~~~~~~~~~~~~~~~~~~~~[0m

  Error occurs in the template of component PortfolioHomeComponent.

    src/app/pages/portfolio-home.component.ts:33:15:
[37m      33 │   templateUrl: [32m'./portfolio-home.component.html'[37m,
         ╵                [32m~~~~~~~~~~~~~~~~~~~~~~~~~~~~~~~~~[0m


[31mX [41;31m[[41;97mERROR[41;31m][0m [1mNG5002: Parser Error: Conditional expression portfolioTrendHoveredPoint ? portfolioTrendHoveredPoint.profitEuros | number:'1.2-2' : portfolioTrendValueLabel requires all 3 expressions at the end of the expression [ {{ portfolioTrendHoveredPoint ? portfolioTrendHoveredPoint.profitEuros | number:'1.2-2' : portfolioTrendValueLabel }} ] in C:\Users\jorge\OneDrive\workspace\angular-app23\angular-app\src\app\pages\portfolio-home.component.html@115:14[0m [1m[35m[plugin angular-compiler][0m

    src/app/pages/portfolio-home.component.html:118:18:
[37m      118 │ ...    <span>[32m{{ portfolioTrendHoveredPoint ? (portfolioTrendHover[37m...
          ╵              [32m~~~~~~~~~~~~~~~~~~~~~~~~~~~~~~~~~~~~~~~~~~~~~~~~~~~~[0m

  Error occurs in the template of component PortfolioHomeComponent.

    src/app/pages/portfolio-home.component.ts:33:15:
[37m      33 │   templateUrl: [32m'./portfolio-home.component.html'[37m,
         ╵                [32m~~~~~~~~~~~~~~~~~~~~~~~~~~~~~~~~~[0m


[31mX [41;31m[[41;97mERROR[41;31m][0m [1mNG5002: Parser Error: Conditional expression portfolioTrendHoveredPoint ? portfolioTrendHoveredPoint.profitEuros | number:'1.2-2' : portfolioTrendValueLabel requires all 3 expressions at the end of the expression [ {{ portfolioTrendHoveredPoint ? portfolioTrendHoveredPoint.profitEuros | number:'1.2-2' : portfolioTrendValueLabel }} ] in C:\Users\jorge\OneDrive\workspace\angular-app23\angular-app\src\app\pages\portfolio-home.component.html@115:14[0m [1m[35m[plugin angular-compiler][0m

    src/app/pages/portfolio-home.component.html:123:16:
[37m      123 │           @for ([32mscope of portfolioTrendScopes[37m; track scope.key) {
          ╵                 [32m~~~~~~~~~~~~~~~~~~~~~~~~~~~~~[0m

  Error occurs in the template of component PortfolioHomeComponent.

    src/app/pages/portfolio-home.component.ts:33:15:
[37m      33 │   templateUrl: [32m'./portfolio-home.component.html'[37m,
         ╵                [32m~~~~~~~~~~~~~~~~~~~~~~~~~~~~~~~~~[0m


[31mX [41;31m[[41;97mERROR[41;31m][0m [1mNG5002: Parser Error: Conditional expression portfolioTrendHoveredPoint ? portfolioTrendHoveredPoint.profitEuros | number:'1.2-2' : portfolioTrendValueLabel requires all 3 expressions at the end of the expression [ {{ portfolioTrendHoveredPoint ? portfolioTrendHoveredPoint.profitEuros | number:'1.2-2' : portfolioTrendValueLabel }} ] in C:\Users\jorge\OneDrive\workspace\angular-app23\angular-app\src\app\pages\portfolio-home.component.html@115:14[0m [1m[35m[plugin angular-compiler][0m

    src/app/pages/portfolio-home.component.html:123:47:
[37m      123 │           @for (scope of portfolioTrendScopes; [32mtrack scope.key[37m) {
          ╵                                                [32m~~~~~~~~~~~~~~~[0m

  Error occurs in the template of component PortfolioHomeComponent.

    src/app/pages/portfolio-home.component.ts:33:15:
[37m      33 │   templateUrl: [32m'./portfolio-home.component.html'[37m,
         ╵                [32m~~~~~~~~~~~~~~~~~~~~~~~~~~~~~~~~~[0m


[31mX [41;31m[[41;97mERROR[41;31m][0m [1mNG5002: Parser Error: Conditional expression portfolioTrendHoveredPoint ? portfolioTrendHoveredPoint.profitEuros | number:'1.2-2' : portfolioTrendValueLabel requires all 3 expressions at the end of the expression [ {{ portfolioTrendHoveredPoint ? portfolioTrendHoveredPoint.profitEuros | number:'1.2-2' : portfolioTrendValueLabel }} ] in C:\Users\jorge\OneDrive\workspace\angular-app23\angular-app\src\app\pages\portfolio-home.component.html@115:14[0m [1m[35m[plugin angular-compiler][0m

    src/app/pages/portfolio-home.component.html:127:51:
[37m      127 │ ...io-trend-tab--active]="[32mselectedPortfolioTrendScope === scope.key[37m"
          ╵                           [32m~~~~~~~~~~~~~~~~~~~~~~~~~~~~~~~~~~~~~~~~~[0m

  Error occurs in the template of component PortfolioHomeComponent.

    src/app/pages/portfolio-home.component.ts:33:15:
[37m      33 │   templateUrl: [32m'./portfolio-home.component.html'[37m,
         ╵                [32m~~~~~~~~~~~~~~~~~~~~~~~~~~~~~~~~~[0m


[31mX [41;31m[[41;97mERROR[41;31m][0m [1mNG5002: Parser Error: Conditional expression portfolioTrendHoveredPoint ? portfolioTrendHoveredPoint.profitEuros | number:'1.2-2' : portfolioTrendValueLabel requires all 3 expressions at the end of the expression [ {{ portfolioTrendHoveredPoint ? portfolioTrendHoveredPoint.profitEuros | number:'1.2-2' : portfolioTrendValueLabel }} ] in C:\Users\jorge\OneDrive\workspace\angular-app23\angular-app\src\app\pages\portfolio-home.component.html@115:14[0m [1m[35m[plugin angular-compiler][0m

    src/app/pages/portfolio-home.component.html:128:23:
[37m      128 │               (click)="[32msetPortfolioTrendScope(scope.key)[37m"
          ╵                        [32m~~~~~~~~~~~~~~~~~~~~~~~~~~~~~~~~~[0m

  Error occurs in the template of component PortfolioHomeComponent.

    src/app/pages/portfolio-home.component.ts:33:15:
[37m      33 │   templateUrl: [32m'./portfolio-home.component.html'[37m,
         ╵                [32m~~~~~~~~~~~~~~~~~~~~~~~~~~~~~~~~~[0m


[31mX [41;31m[[41;97mERROR[41;31m][0m [1mNG5002: Parser Error: Conditional expression portfolioTrendHoveredPoint ? portfolioTrendHoveredPoint.profitEuros | number:'1.2-2' : portfolioTrendValueLabel requires all 3 expressions at the end of the expression [ {{ portfolioTrendHoveredPoint ? portfolioTrendHoveredPoint.profitEuros | number:'1.2-2' : portfolioTrendValueLabel }} ] in C:\Users\jorge\OneDrive\workspace\angular-app23\angular-app\src\app\pages\portfolio-home.component.html@115:14[0m [1m[35m[plugin angular-compiler][0m

    src/app/pages/portfolio-home.component.html:130:14:
[37m      130 │               [32m{{ scope.label }}[37m
          ╵               [32m~~~~~~~~~~~~~~~~~[0m

  Error occurs in the template of component PortfolioHomeComponent.

    src/app/pages/portfolio-home.component.ts:33:15:
[37m      33 │   templateUrl: [32m'./portfolio-home.component.html'[37m,
         ╵                [32m~~~~~~~~~~~~~~~~~~~~~~~~~~~~~~~~~[0m


[31mX [41;31m[[41;97mERROR[41;31m][0m [1mNG5002: Parser Error: Conditional expression portfolioTrendHoveredPoint ? portfolioTrendHoveredPoint.profitEuros | number:'1.2-2' : portfolioTrendValueLabel requires all 3 expressions at the end of the expression [ {{ portfolioTrendHoveredPoint ? portfolioTrendHoveredPoint.profitEuros | number:'1.2-2' : portfolioTrendValueLabel }} ] in C:\Users\jorge\OneDrive\workspace\angular-app23\angular-app\src\app\pages\portfolio-home.component.html@115:14[0m [1m[35m[plugin angular-compiler][0m

    src/app/pages/portfolio-home.component.html:136:16:
[37m      136 │           @for ([32mrange of portfolioTrendRanges[37m; track range.key) {
          ╵                 [32m~~~~~~~~~~~~~~~~~~~~~~~~~~~~~[0m

  Error occurs in the template of component PortfolioHomeComponent.

    src/app/pages/portfolio-home.component.ts:33:15:
[37m      33 │   templateUrl: [32m'./portfolio-home.component.html'[37m,
         ╵                [32m~~~~~~~~~~~~~~~~~~~~~~~~~~~~~~~~~[0m


[31mX [41;31m[[41;97mERROR[41;31m][0m [1mNG5002: Parser Error: Conditional expression portfolioTrendHoveredPoint ? portfolioTrendHoveredPoint.profitEuros | number:'1.2-2' : portfolioTrendValueLabel requires all 3 expressions at the end of the expression [ {{ portfolioTrendHoveredPoint ? portfolioTrendHoveredPoint.profitEuros | number:'1.2-2' : portfolioTrendValueLabel }} ] in C:\Users\jorge\OneDrive\workspace\angular-app23\angular-app\src\app\pages\portfolio-home.component.html@115:14[0m [1m[35m[plugin angular-compiler][0m

    src/app/pages/portfolio-home.component.html:136:47:
[37m      136 │           @for (range of portfolioTrendRanges; [32mtrack range.key[37m) {
          ╵                                                [32m~~~~~~~~~~~~~~~[0m

  Error occurs in the template of component PortfolioHomeComponent.

    src/app/pages/portfolio-home.component.ts:33:15:
[37m      33 │   templateUrl: [32m'./portfolio-home.component.html'[37m,
         ╵                [32m~~~~~~~~~~~~~~~~~~~~~~~~~~~~~~~~~[0m


[31mX [41;31m[[41;97mERROR[41;31m][0m [1mNG5002: Parser Error: Conditional expression portfolioTrendHoveredPoint ? portfolioTrendHoveredPoint.profitEuros | number:'1.2-2' : portfolioTrendValueLabel requires all 3 expressions at the end of the expression [ {{ portfolioTrendHoveredPoint ? portfolioTrendHoveredPoint.profitEuros | number:'1.2-2' : portfolioTrendValueLabel }} ] in C:\Users\jorge\OneDrive\workspace\angular-app23\angular-app\src\app\pages\portfolio-home.component.html@115:14[0m [1m[35m[plugin angular-compiler][0m

    src/app/pages/portfolio-home.component.html:140:51:
[37m      140 │ ...io-trend-tab--active]="[32mselectedPortfolioTrendRange === range.key[37m"
          ╵                           [32m~~~~~~~~~~~~~~~~~~~~~~~~~~~~~~~~~~~~~~~~~[0m

  Error occurs in the template of component PortfolioHomeComponent.

    src/app/pages/portfolio-home.component.ts:33:15:
[37m      33 │   templateUrl: [32m'./portfolio-home.component.html'[37m,
         ╵                [32m~~~~~~~~~~~~~~~~~~~~~~~~~~~~~~~~~[0m


[31mX [41;31m[[41;97mERROR[41;31m][0m [1mNG5002: Parser Error: Conditional expression portfolioTrendHoveredPoint ? portfolioTrendHoveredPoint.profitEuros | number:'1.2-2' : portfolioTrendValueLabel requires all 3 expressions at the end of the expression [ {{ portfolioTrendHoveredPoint ? portfolioTrendHoveredPoint.profitEuros | number:'1.2-2' : portfolioTrendValueLabel }} ] in C:\Users\jorge\OneDrive\workspace\angular-app23\angular-app\src\app\pages\portfolio-home.component.html@115:14[0m [1m[35m[plugin angular-compiler][0m

    src/app/pages/portfolio-home.component.html:141:23:
[37m      141 │               (click)="[32msetPortfolioTrendRange(range.key)[37m"
          ╵                        [32m~~~~~~~~~~~~~~~~~~~~~~~~~~~~~~~~~[0m

  Error occurs in the template of component PortfolioHomeComponent.

    src/app/pages/portfolio-home.component.ts:33:15:
[37m      33 │   templateUrl: [32m'./portfolio-home.component.html'[37m,
         ╵                [32m~~~~~~~~~~~~~~~~~~~~~~~~~~~~~~~~~[0m


[31mX [41;31m[[41;97mERROR[41;31m][0m [1mNG5002: Parser Error: Conditional expression portfolioTrendHoveredPoint ? portfolioTrendHoveredPoint.profitEuros | number:'1.2-2' : portfolioTrendValueLabel requires all 3 expressions at the end of the expression [ {{ portfolioTrendHoveredPoint ? portfolioTrendHoveredPoint.profitEuros | number:'1.2-2' : portfolioTrendValueLabel }} ] in C:\Users\jorge\OneDrive\workspace\angular-app23\angular-app\src\app\pages\portfolio-home.component.html@115:14[0m [1m[35m[plugin angular-compiler][0m

    src/app/pages/portfolio-home.component.html:143:14:
[37m      143 │               [32m{{ range.label }}[37m
          ╵               [32m~~~~~~~~~~~~~~~~~[0m

  Error occurs in the template of component PortfolioHomeComponent.

    src/app/pages/portfolio-home.component.ts:33:15:
[37m      33 │   templateUrl: [32m'./portfolio-home.component.html'[37m,
         ╵                [32m~~~~~~~~~~~~~~~~~~~~~~~~~~~~~~~~~[0m


[31mX [41;31m[[41;97mERROR[41;31m][0m [1mNG5002: Parser Error: Conditional expression portfolioTrendHoveredPoint ? portfolioTrendHoveredPoint.profitEuros | number:'1.2-2' : portfolioTrendValueLabel requires all 3 expressions at the end of the expression [ {{ portfolioTrendHoveredPoint ? portfolioTrendHoveredPoint.profitEuros | number:'1.2-2' : portfolioTrendValueLabel }} ] in C:\Users\jorge\OneDrive\workspace\angular-app23\angular-app\src\app\pages\portfolio-home.component.html@115:14[0m [1m[35m[plugin angular-compiler][0m

    src/app/pages/portfolio-home.component.html:148:13:
[37m      148 │         @if ([32mhasPortfolioTrend[37m) {
          ╵              [32m~~~~~~~~~~~~~~~~~[0m

  Error occurs in the template of component PortfolioHomeComponent.

    src/app/pages/portfolio-home.component.ts:33:15:
[37m      33 │   templateUrl: [32m'./portfolio-home.component.html'[37m,
         ╵                [32m~~~~~~~~~~~~~~~~~~~~~~~~~~~~~~~~~[0m


[31mX [41;31m[[41;97mERROR[41;31m][0m [1mNG5002: Parser Error: Conditional expression portfolioTrendHoveredPoint ? portfolioTrendHoveredPoint.profitEuros | number:'1.2-2' : portfolioTrendValueLabel requires all 3 expressions at the end of the expression [ {{ portfolioTrendHoveredPoint ? portfolioTrendHoveredPoint.profitEuros | number:'1.2-2' : portfolioTrendValueLabel }} ] in C:\Users\jorge\OneDrive\workspace\angular-app23\angular-app\src\app\pages\portfolio-home.component.html@115:14[0m [1m[35m[plugin angular-compiler][0m

    src/app/pages/portfolio-home.component.html:152:20:
[37m      152 │               @for ([32mtick of portfolioTrendYTicks[37m; track tick) {
          ╵                     [32m~~~~~~~~~~~~~~~~~~~~~~~~~~~~[0m

  Error occurs in the template of component PortfolioHomeComponent.

    src/app/pages/portfolio-home.component.ts:33:15:
[37m      33 │   templateUrl: [32m'./portfolio-home.component.html'[37m,
         ╵                [32m~~~~~~~~~~~~~~~~~~~~~~~~~~~~~~~~~[0m


[31mX [41;31m[[41;97mERROR[41;31m][0m [1mNG5002: Parser Error: Conditional expression portfolioTrendHoveredPoint ? portfolioTrendHoveredPoint.profitEuros | number:'1.2-2' : portfolioTrendValueLabel requires all 3 expressions at the end of the expression [ {{ portfolioTrendHoveredPoint ? portfolioTrendHoveredPoint.profitEuros | number:'1.2-2' : portfolioTrendValueLabel }} ] in C:\Users\jorge\OneDrive\workspace\angular-app23\angular-app\src\app\pages\portfolio-home.component.html@115:14[0m [1m[35m[plugin angular-compiler][0m

    src/app/pages/portfolio-home.component.html:152:50:
[37m      152 │               @for (tick of portfolioTrendYTicks; [32mtrack tick[37m) {
          ╵                                                   [32m~~~~~~~~~~[0m

  Error occurs in the template of component PortfolioHomeComponent.

    src/app/pages/portfolio-home.component.ts:33:15:
[37m      33 │   templateUrl: [32m'./portfolio-home.component.html'[37m,
         ╵                [32m~~~~~~~~~~~~~~~~~~~~~~~~~~~~~~~~~[0m


[31mX [41;31m[[41;97mERROR[41;31m][0m [1mNG5002: Parser Error: Conditional expression portfolioTrendHoveredPoint ? portfolioTrendHoveredPoint.profitEuros | number:'1.2-2' : portfolioTrendValueLabel requires all 3 expressions at the end of the expression [ {{ portfolioTrendHoveredPoint ? portfolioTrendHoveredPoint.profitEuros | number:'1.2-2' : portfolioTrendValueLabel }} ] in C:\Users\jorge\OneDrive\workspace\angular-app23\angular-app\src\app\pages\portfolio-home.component.html@115:14[0m [1m[35m[plugin angular-compiler][0m

    src/app/pages/portfolio-home.component.html:153:22:
[37m      153 │                 <span>[32m{{ tick }}[37m</span>
          ╵                       [32m~~~~~~~~~~[0m

  Error occurs in the template of component PortfolioHomeComponent.

    src/app/pages/portfolio-home.component.ts:33:15:
[37m      33 │   templateUrl: [32m'./portfolio-home.component.html'[37m,
         ╵                [32m~~~~~~~~~~~~~~~~~~~~~~~~~~~~~~~~~[0m


[31mX [41;31m[[41;97mERROR[41;31m][0m [1mNG5002: Parser Error: Conditional expression portfolioTrendHoveredPoint ? portfolioTrendHoveredPoint.profitEuros | number:'1.2-2' : portfolioTrendValueLabel requires all 3 expressions at the end of the expression [ {{ portfolioTrendHoveredPoint ? portfolioTrendHoveredPoint.profitEuros | number:'1.2-2' : portfolioTrendValueLabel }} ] in C:\Users\jorge\OneDrive\workspace\angular-app23\angular-app\src\app\pages\portfolio-home.component.html@115:14[0m [1m[35m[plugin angular-compiler][0m

    src/app/pages/portfolio-home.component.html:159:29:
[37m      159 │                 (mousemove)="[32monPortfolioTrendHover($event)[37m"
          ╵                              [32m~~~~~~~~~~~~~~~~~~~~~~~~~~~~~[0m

  Error occurs in the template of component PortfolioHomeComponent.

    src/app/pages/portfolio-home.component.ts:33:15:
[37m      33 │   templateUrl: [32m'./portfolio-home.component.html'[37m,
         ╵                [32m~~~~~~~~~~~~~~~~~~~~~~~~~~~~~~~~~[0m


[31mX [41;31m[[41;97mERROR[41;31m][0m [1mNG5002: Parser Error: Conditional expression portfolioTrendHoveredPoint ? portfolioTrendHoveredPoint.profitEuros | number:'1.2-2' : portfolioTrendValueLabel requires all 3 expressions at the end of the expression [ {{ portfolioTrendHoveredPoint ? portfolioTrendHoveredPoint.profitEuros | number:'1.2-2' : portfolioTrendValueLabel }} ] in C:\Users\jorge\OneDrive\workspace\angular-app23\angular-app\src\app\pages\portfolio-home.component.html@115:14[0m [1m[35m[plugin angular-compiler][0m

    src/app/pages/portfolio-home.component.html:160:30:
[37m      160 │                 (mouseleave)="[32monPortfolioTrendLeave()[37m"
          ╵                               [32m~~~~~~~~~~~~~~~~~~~~~~~[0m

  Error occurs in the template of component PortfolioHomeComponent.

    src/app/pages/portfolio-home.component.ts:33:15:
[37m      33 │   templateUrl: [32m'./portfolio-home.component.html'[37m,
         ╵                [32m~~~~~~~~~~~~~~~~~~~~~~~~~~~~~~~~~[0m


[31mX [41;31m[[41;97mERROR[41;31m][0m [1mNG5002: Parser Error: Conditional expression portfolioTrendHoveredPoint ? portfolioTrendHoveredPoint.profitEuros | number:'1.2-2' : portfolioTrendValueLabel requires all 3 expressions at the end of the expression [ {{ portfolioTrendHoveredPoint ? portfolioTrendHoveredPoint.profitEuros | number:'1.2-2' : portfolioTrendValueLabel }} ] in C:\Users\jorge\OneDrive\workspace\angular-app23\angular-app\src\app\pages\portfolio-home.component.html@115:14[0m [1m[35m[plugin angular-compiler][0m

    src/app/pages/portfolio-home.component.html:163:41:
[37m      163 │ ...polyline [attr.points]="[32mportfolioTrendPolylinePoints[37m"></polyline>
          ╵                            [32m~~~~~~~~~~~~~~~~~~~~~~~~~~~~[0m

  Error occurs in the template of component PortfolioHomeComponent.

    src/app/pages/portfolio-home.component.ts:33:15:
[37m      33 │   templateUrl: [32m'./portfolio-home.component.html'[37m,
         ╵                [32m~~~~~~~~~~~~~~~~~~~~~~~~~~~~~~~~~[0m


[31mX [41;31m[[41;97mERROR[41;31m][0m [1mNG5002: Parser Error: Conditional expression portfolioTrendHoveredPoint ? portfolioTrendHoveredPoint.profitEuros | number:'1.2-2' : portfolioTrendValueLabel requires all 3 expressions at the end of the expression [ {{ portfolioTrendHoveredPoint ? portfolioTrendHoveredPoint.profitEuros | number:'1.2-2' : portfolioTrendValueLabel }} ] in C:\Users\jorge\OneDrive\workspace\angular-app23\angular-app\src\app\pages\portfolio-home.component.html@115:14[0m [1m[35m[plugin angular-compiler][0m

    src/app/pages/portfolio-home.component.html:165:19:
[37m      165 │               @if ([32mportfolioTrendHoveredPoint[37m) {
          ╵                    [32m~~~~~~~~~~~~~~~~~~~~~~~~~~[0m

  Error occurs in the template of component PortfolioHomeComponent.

    src/app/pages/portfolio-home.component.ts:33:15:
[37m      33 │   templateUrl: [32m'./portfolio-home.component.html'[37m,
         ╵                [32m~~~~~~~~~~~~~~~~~~~~~~~~~~~~~~~~~[0m


[31mX [41;31m[[41;97mERROR[41;31m][0m [1mNG5002: Parser Error: Conditional expression portfolioTrendHoveredPoint ? portfolioTrendHoveredPoint.profitEuros | number:'1.2-2' : portfolioTrendValueLabel requires all 3 expressions at the end of the expression [ {{ portfolioTrendHoveredPoint ? portfolioTrendHoveredPoint.profitEuros | number:'1.2-2' : portfolioTrendValueLabel }} ] in C:\Users\jorge\OneDrive\workspace\angular-app23\angular-app\src\app\pages\portfolio-home.component.html@115:14[0m [1m[35m[plugin angular-compiler][0m

    src/app/pages/portfolio-home.component.html:166:69:
[37m      166 │ ...p" [style.left.%]="[32mportfolioTrendTooltipLeft[37m" [style.top.%]="p...
          ╵                       [32m~~~~~~~~~~~~~~~~~~~~~~~~~[0m

  Error occurs in the template of component PortfolioHomeComponent.

    src/app/pages/portfolio-home.component.ts:33:15:
[37m      33 │   templateUrl: [32m'./portfolio-home.component.html'[37m,
         ╵                [32m~~~~~~~~~~~~~~~~~~~~~~~~~~~~~~~~~[0m


[31mX [41;31m[[41;97mERROR[41;31m][0m [1mNG5002: Parser Error: Conditional expression portfolioTrendHoveredPoint ? portfolioTrendHoveredPoint.profitEuros | number:'1.2-2' : portfolioTrendValueLabel requires all 3 expressions at the end of the expression [ {{ portfolioTrendHoveredPoint ? portfolioTrendHoveredPoint.profitEuros | number:'1.2-2' : portfolioTrendValueLabel }} ] in C:\Users\jorge\OneDrive\workspace\angular-app23\angular-app\src\app\pages\portfolio-home.component.html@115:14[0m [1m[35m[plugin angular-compiler][0m

    src/app/pages/portfolio-home.component.html:166:111:
[37m      166 │ ...tfolioTrendTooltipLeft" [style.top.%]="[32mportfolioTrendTooltipTop[37m">
          ╵                                           [32m~~~~~~~~~~~~~~~~~~~~~~~~[0m

  Error occurs in the template of component PortfolioHomeComponent.

    src/app/pages/portfolio-home.component.ts:33:15:
[37m      33 │   templateUrl: [32m'./portfolio-home.component.html'[37m,
         ╵                [32m~~~~~~~~~~~~~~~~~~~~~~~~~~~~~~~~~[0m


[31mX [41;31m[[41;97mERROR[41;31m][0m [1mNG5002: Parser Error: Conditional expression portfolioTrendHoveredPoint ? portfolioTrendHoveredPoint.profitEuros | number:'1.2-2' : portfolioTrendValueLabel requires all 3 expressions at the end of the expression [ {{ portfolioTrendHoveredPoint ? portfolioTrendHoveredPoint.profitEuros | number:'1.2-2' : portfolioTrendValueLabel }} ] in C:\Users\jorge\OneDrive\workspace\angular-app23\angular-app\src\app\pages\portfolio-home.component.html@115:14[0m [1m[35m[plugin angular-compiler][0m

    src/app/pages/portfolio-home.component.html:167:24:
[37m      167 │ ...    <span>[32m{{ portfolioTrendHoveredPoint.date | date:'dd/MM/yyy[37m...
          ╵              [32m~~~~~~~~~~~~~~~~~~~~~~~~~~~~~~~~~~~~~~~~~~~~~~~~~~~~[0m

  Error occurs in the template of component PortfolioHomeComponent.

    src/app/pages/portfolio-home.component.ts:33:15:
[37m      33 │   templateUrl: [32m'./portfolio-home.component.html'[37m,
         ╵                [32m~~~~~~~~~~~~~~~~~~~~~~~~~~~~~~~~~[0m


[31mX [41;31m[[41;97mERROR[41;31m][0m [1mNG5002: Parser Error: Conditional expression portfolioTrendHoveredPoint ? portfolioTrendHoveredPoint.profitEuros | number:'1.2-2' : portfolioTrendValueLabel requires all 3 expressions at the end of the expression [ {{ portfolioTrendHoveredPoint ? portfolioTrendHoveredPoint.profitEuros | number:'1.2-2' : portfolioTrendValueLabel }} ] in C:\Users\jorge\OneDrive\workspace\angular-app23\angular-app\src\app\pages\portfolio-home.component.html@115:14[0m [1m[35m[plugin angular-compiler][0m

    src/app/pages/portfolio-home.component.html:168:26:
[37m      168 │ ...  <strong>[32m{{ portfolioTrendHoveredPoint.profitEuros | number:'[37m...
          ╵              [32m~~~~~~~~~~~~~~~~~~~~~~~~~~~~~~~~~~~~~~~~~~~~~~~~~~~~[0m

  Error occurs in the template of component PortfolioHomeComponent.

    src/app/pages/portfolio-home.component.ts:33:15:
[37m      33 │   templateUrl: [32m'./portfolio-home.component.html'[37m,
         ╵                [32m~~~~~~~~~~~~~~~~~~~~~~~~~~~~~~~~~[0m


[31mX [41;31m[[41;97mERROR[41;31m][0m [1mNG5002: Parser Error: Conditional expression portfolioTrendHoveredPoint ? portfolioTrendHoveredPoint.profitEuros | number:'1.2-2' : portfolioTrendValueLabel requires all 3 expressions at the end of the expression [ {{ portfolioTrendHoveredPoint ? portfolioTrendHoveredPoint.profitEuros | number:'1.2-2' : portfolioTrendValueLabel }} ] in C:\Users\jorge\OneDrive\workspace\angular-app23\angular-app\src\app\pages\portfolio-home.component.html@115:14[0m [1m[35m[plugin angular-compiler][0m

    src/app/pages/portfolio-home.component.html:172:34:
[37m      172 │                   [style.left.%]="[32mportfolioTrendHoveredPoint.x[37m"
          ╵                                   [32m~~~~~~~~~~~~~~~~~~~~~~~~~~~~[0m

  Error occurs in the template of component PortfolioHomeComponent.

    src/app/pages/portfolio-home.component.ts:33:15:
[37m      33 │   templateUrl: [32m'./portfolio-home.component.html'[37m,
         ╵                [32m~~~~~~~~~~~~~~~~~~~~~~~~~~~~~~~~~[0m


[31mX [41;31m[[41;97mERROR[41;31m][0m [1mNG5002: Parser Error: Conditional expression portfolioTrendHoveredPoint ? portfolioTrendHoveredPoint.profitEuros | number:'1.2-2' : portfolioTrendValueLabel requires all 3 expressions at the end of the expression [ {{ portfolioTrendHoveredPoint ? portfolioTrendHoveredPoint.profitEuros | number:'1.2-2' : portfolioTrendValueLabel }} ] in C:\Users\jorge\OneDrive\workspace\angular-app23\angular-app\src\app\pages\portfolio-home.component.html@115:14[0m [1m[35m[plugin angular-compiler][0m

    src/app/pages/portfolio-home.component.html:173:33:
[37m      173 │                   [style.top.%]="[32mportfolioTrendHoveredPoint.y[37m"
          ╵                                  [32m~~~~~~~~~~~~~~~~~~~~~~~~~~~~[0m

  Error occurs in the template of component PortfolioHomeComponent.

    src/app/pages/portfolio-home.component.ts:33:15:
[37m      33 │   templateUrl: [32m'./portfolio-home.component.html'[37m,
         ╵                [32m~~~~~~~~~~~~~~~~~~~~~~~~~~~~~~~~~[0m


[31mX [41;31m[[41;97mERROR[41;31m][0m [1mNG5002: Parser Error: Conditional expression portfolioTrendHoveredPoint ? portfolioTrendHoveredPoint.profitEuros | number:'1.2-2' : portfolioTrendValueLabel requires all 3 expressions at the end of the expression [ {{ portfolioTrendHoveredPoint ? portfolioTrendHoveredPoint.profitEuros | number:'1.2-2' : portfolioTrendValueLabel }} ] in C:\Users\jorge\OneDrive\workspace\angular-app23\angular-app\src\app\pages\portfolio-home.component.html@115:14[0m [1m[35m[plugin angular-compiler][0m

    src/app/pages/portfolio-home.component.html:181:20:
[37m      181 │               @for ([32mtick of portfolioTrendXTicks[37m; track tick.labe...
          ╵                     [32m~~~~~~~~~~~~~~~~~~~~~~~~~~~~[0m

  Error occurs in the template of component PortfolioHomeComponent.

    src/app/pages/portfolio-home.component.ts:33:15:
[37m      33 │   templateUrl: [32m'./portfolio-home.component.html'[37m,
         ╵                [32m~~~~~~~~~~~~~~~~~~~~~~~~~~~~~~~~~[0m


[31mX [41;31m[[41;97mERROR[41;31m][0m [1mNG5002: Parser Error: Conditional expression portfolioTrendHoveredPoint ? portfolioTrendHoveredPoint.profitEuros | number:'1.2-2' : portfolioTrendValueLabel requires all 3 expressions at the end of the expression [ {{ portfolioTrendHoveredPoint ? portfolioTrendHoveredPoint.profitEuros | number:'1.2-2' : portfolioTrendValueLabel }} ] in C:\Users\jorge\OneDrive\workspace\angular-app23\angular-app\src\app\pages\portfolio-home.component.html@115:14[0m [1m[35m[plugin angular-compiler][0m

    src/app/pages/portfolio-home.component.html:181:50:
[37m      181 │ ...tick of portfolioTrendXTicks; [32mtrack tick.label + tick.position[37m) {
          ╵                                  [32m~~~~~~~~~~~~~~~~~~~~~~~~~~~~~~~~[0m

  Error occurs in the template of component PortfolioHomeComponent.

    src/app/pages/portfolio-home.component.ts:33:15:
[37m      33 │   templateUrl: [32m'./portfolio-home.component.html'[37m,
         ╵                [32m~~~~~~~~~~~~~~~~~~~~~~~~~~~~~~~~~[0m


[31mX [41;31m[[41;97mERROR[41;31m][0m [1mNG5002: Parser Error: Conditional expression portfolioTrendHoveredPoint ? portfolioTrendHoveredPoint.profitEuros | number:'1.2-2' : portfolioTrendValueLabel requires all 3 expressions at the end of the expression [ {{ portfolioTrendHoveredPoint ? portfolioTrendHoveredPoint.profitEuros | number:'1.2-2' : portfolioTrendValueLabel }} ] in C:\Users\jorge\OneDrive\workspace\angular-app23\angular-app\src\app\pages\portfolio-home.component.html@115:14[0m [1m[35m[plugin angular-compiler][0m

    src/app/pages/portfolio-home.component.html:182:38:
[37m      182 │ ...     <span [style.left.%]="[32mtick.position[37m">{{ tick.label }}</span>
          ╵                               [32m~~~~~~~~~~~~~[0m

  Error occurs in the template of component PortfolioHomeComponent.

    src/app/pages/portfolio-home.component.ts:33:15:
[37m      33 │   templateUrl: [32m'./portfolio-home.component.html'[37m,
         ╵                [32m~~~~~~~~~~~~~~~~~~~~~~~~~~~~~~~~~[0m


[31mX [41;31m[[41;97mERROR[41;31m][0m [1mNG5002: Parser Error: Conditional expression portfolioTrendHoveredPoint ? portfolioTrendHoveredPoint.profitEuros | number:'1.2-2' : portfolioTrendValueLabel requires all 3 expressions at the end of the expression [ {{ portfolioTrendHoveredPoint ? portfolioTrendHoveredPoint.profitEuros | number:'1.2-2' : portfolioTrendValueLabel }} ] in C:\Users\jorge\OneDrive\workspace\angular-app23\angular-app\src\app\pages\portfolio-home.component.html@115:14[0m [1m[35m[plugin angular-compiler][0m

    src/app/pages/portfolio-home.component.html:182:53:
[37m      182 │ ...     <span [style.left.%]="tick.position">[32m{{ tick.label }}[37m</span>
          ╵                                              [32m~~~~~~~~~~~~~~~~[0m

  Error occurs in the template of component PortfolioHomeComponent.

    src/app/pages/portfolio-home.component.ts:33:15:
[37m      33 │   templateUrl: [32m'./portfolio-home.component.html'[37m,
         ╵                [32m~~~~~~~~~~~~~~~~~~~~~~~~~~~~~~~~~[0m


[31mX [41;31m[[41;97mERROR[41;31m][0m [1mNG5002: Parser Error: Conditional expression portfolioTrendHoveredPoint ? portfolioTrendHoveredPoint.profitEuros | number:'1.2-2' : portfolioTrendValueLabel requires all 3 expressions at the end of the expression [ {{ portfolioTrendHoveredPoint ? portfolioTrendHoveredPoint.profitEuros | number:'1.2-2' : portfolioTrendValueLabel }} ] in C:\Users\jorge\OneDrive\workspace\angular-app23\angular-app\src\app\pages\portfolio-home.component.html@115:14[0m [1m[35m[plugin angular-compiler][0m

    src/app/pages/portfolio-home.component.html:192:14:
[37m      192 │         @for ([32msection of filteredSections[37m; track trackBySection($...
          ╵               [32m~~~~~~~~~~~~~~~~~~~~~~~~~~~[0m

  Error occurs in the template of component PortfolioHomeComponent.

    src/app/pages/portfolio-home.component.ts:33:15:
[37m      33 │   templateUrl: [32m'./portfolio-home.component.html'[37m,
         ╵                [32m~~~~~~~~~~~~~~~~~~~~~~~~~~~~~~~~~[0m


[31mX [41;31m[[41;97mERROR[41;31m][0m [1mNG5002: Parser Error: Conditional expression portfolioTrendHoveredPoint ? portfolioTrendHoveredPoint.profitEuros | number:'1.2-2' : portfolioTrendValueLabel requires all 3 expressions at the end of the expression [ {{ portfolioTrendHoveredPoint ? portfolioTrendHoveredPoint.profitEuros | number:'1.2-2' : portfolioTrendValueLabel }} ] in C:\Users\jorge\OneDrive\workspace\angular-app23\angular-app\src\app\pages\portfolio-home.component.html@115:14[0m [1m[35m[plugin angular-compiler][0m

    src/app/pages/portfolio-home.component.html:192:43:
[37m      192 │ ...ion of filteredSections; [32mtrack trackBySection($index, section)[37m) {
          ╵                             [32m~~~~~~~~~~~~~~~~~~~~~~~~~~~~~~~~~~~~~[0m

  Error occurs in the template of component PortfolioHomeComponent.

    src/app/pages/portfolio-home.component.ts:33:15:
[37m      33 │   templateUrl: [32m'./portfolio-home.component.html'[37m,
         ╵                [32m~~~~~~~~~~~~~~~~~~~~~~~~~~~~~~~~~[0m


[31mX [41;31m[[41;97mERROR[41;31m][0m [1mNG5002: Parser Error: Conditional expression portfolioTrendHoveredPoint ? portfolioTrendHoveredPoint.profitEuros | number:'1.2-2' : portfolioTrendValueLabel requires all 3 expressions at the end of the expression [ {{ portfolioTrendHoveredPoint ? portfolioTrendHoveredPoint.profitEuros | number:'1.2-2' : portfolioTrendValueLabel }} ] in C:\Users\jorge\OneDrive\workspace\angular-app23\angular-app\src\app\pages\portfolio-home.component.html@115:14[0m [1m[35m[plugin angular-compiler][0m

    src/app/pages/portfolio-home.component.html:196:35:
[37m      196 │                 <p class="eyebrow">[32m{{ section.title }}[37m</p>
          ╵                                    [32m~~~~~~~~~~~~~~~~~~~[0m

  Error occurs in the template of component PortfolioHomeComponent.

    src/app/pages/portfolio-home.component.ts:33:15:
[37m      33 │   templateUrl: [32m'./portfolio-home.component.html'[37m,
         ╵                [32m~~~~~~~~~~~~~~~~~~~~~~~~~~~~~~~~~[0m


[31mX [41;31m[[41;97mERROR[41;31m][0m [1mNG5002: Parser Error: Conditional expression portfolioTrendHoveredPoint ? portfolioTrendHoveredPoint.profitEuros | number:'1.2-2' : portfolioTrendValueLabel requires all 3 expressions at the end of the expression [ {{ portfolioTrendHoveredPoint ? portfolioTrendHoveredPoint.profitEuros | number:'1.2-2' : portfolioTrendValueLabel }} ] in C:\Users\jorge\OneDrive\workspace\angular-app23\angular-app\src\app\pages\portfolio-home.component.html@115:14[0m [1m[35m[plugin angular-compiler][0m

    src/app/pages/portfolio-home.component.html:197:20:
[37m      197 │ ...      <h2>[32m{{ section.title === 'FONDOS' ? 'Fondos de inversion[37m...
          ╵              [32m~~~~~~~~~~~~~~~~~~~~~~~~~~~~~~~~~~~~~~~~~~~~~~~~~~~~[0m

  Error occurs in the template of component PortfolioHomeComponent.

    src/app/pages/portfolio-home.component.ts:33:15:
[37m      33 │   templateUrl: [32m'./portfolio-home.component.html'[37m,
         ╵                [32m~~~~~~~~~~~~~~~~~~~~~~~~~~~~~~~~~[0m


[31mX [41;31m[[41;97mERROR[41;31m][0m [1mNG5002: Parser Error: Conditional expression portfolioTrendHoveredPoint ? portfolioTrendHoveredPoint.profitEuros | number:'1.2-2' : portfolioTrendValueLabel requires all 3 expressions at the end of the expression [ {{ portfolioTrendHoveredPoint ? portfolioTrendHoveredPoint.profitEuros | number:'1.2-2' : portfolioTrendValueLabel }} ] in C:\Users\jorge\OneDrive\workspace\angular-app23\angular-app\src\app\pages\portfolio-home.component.html@115:14[0m [1m[35m[plugin angular-compiler][0m

    src/app/pages/portfolio-home.component.html:200:21:
[37m      200 │                 @if ([32msection.title === 'FONDOS'[37m) {
          ╵                      [32m~~~~~~~~~~~~~~~~~~~~~~~~~~[0m

  Error occurs in the template of component PortfolioHomeComponent.

    src/app/pages/portfolio-home.component.ts:33:15:
[37m      33 │   templateUrl: [32m'./portfolio-home.component.html'[37m,
         ╵                [32m~~~~~~~~~~~~~~~~~~~~~~~~~~~~~~~~~[0m


[31mX [41;31m[[41;97mERROR[41;31m][0m [1mNG5002: Parser Error: Conditional expression portfolioTrendHoveredPoint ? portfolioTrendHoveredPoint.profitEuros | number:'1.2-2' : portfolioTrendValueLabel requires all 3 expressions at the end of the expression [ {{ portfolioTrendHoveredPoint ? portfolioTrendHoveredPoint.profitEuros | number:'1.2-2' : portfolioTrendValueLabel }} ] in C:\Users\jorge\OneDrive\workspace\angular-app23\angular-app\src\app\pages\portfolio-home.component.html@115:14[0m [1m[35m[plugin angular-compiler][0m

    src/app/pages/portfolio-home.component.html:201:69:
[37m      201 │ ...type="button" class="edit-toggle" (click)="[32mtoggleFundEditMode()[37m">
          ╵                                               [32m~~~~~~~~~~~~~~~~~~~~[0m

  Error occurs in the template of component PortfolioHomeComponent.

    src/app/pages/portfolio-home.component.ts:33:15:
[37m      33 │   templateUrl: [32m'./portfolio-home.component.html'[37m,
         ╵                [32m~~~~~~~~~~~~~~~~~~~~~~~~~~~~~~~~~[0m


[31mX [41;31m[[41;97mERROR[41;31m][0m [1mNG5002: Parser Error: Conditional expression portfolioTrendHoveredPoint ? portfolioTrendHoveredPoint.profitEuros | number:'1.2-2' : portfolioTrendValueLabel requires all 3 expressions at the end of the expression [ {{ portfolioTrendHoveredPoint ? portfolioTrendHoveredPoint.profitEuros | number:'1.2-2' : portfolioTrendValueLabel }} ] in C:\Users\jorge\OneDrive\workspace\angular-app23\angular-app\src\app\pages\portfolio-home.component.html@115:14[0m [1m[35m[plugin angular-compiler][0m

    src/app/pages/portfolio-home.component.html:207:20:
[37m      207 │ ...               [32m{{ isFundEditMode ? 'Cerrar edicion' : 'Editar' }}[37m
          ╵                   [32m~~~~~~~~~~~~~~~~~~~~~~~~~~~~~~~~~~~~~~~~~~~~~~~~~~[0m

  Error occurs in the template of component PortfolioHomeComponent.

    src/app/pages/portfolio-home.component.ts:33:15:
[37m      33 │   templateUrl: [32m'./portfolio-home.component.html'[37m,
         ╵                [32m~~~~~~~~~~~~~~~~~~~~~~~~~~~~~~~~~[0m


[31mX [41;31m[[41;97mERROR[41;31m][0m [1mNG5002: Parser Error: Conditional expression portfolioTrendHoveredPoint ? portfolioTrendHoveredPoint.profitEuros | number:'1.2-2' : portfolioTrendValueLabel requires all 3 expressions at the end of the expression [ {{ portfolioTrendHoveredPoint ? portfolioTrendHoveredPoint.profitEuros | number:'1.2-2' : portfolioTrendValueLabel }} ] in C:\Users\jorge\OneDrive\workspace\angular-app23\angular-app\src\app\pages\portfolio-home.component.html@115:14[0m [1m[35m[plugin angular-compiler][0m

    src/app/pages/portfolio-home.component.html:209:90:
[37m      209 │ ...="edit-toggle edit-toggle--primary" (click)="[32mopenAddFundModal()[37m">
          ╵                                                 [32m~~~~~~~~~~~~~~~~~~[0m

  Error occurs in the template of component PortfolioHomeComponent.

    src/app/pages/portfolio-home.component.ts:33:15:
[37m      33 │   templateUrl: [32m'./portfolio-home.component.html'[37m,
         ╵                [32m~~~~~~~~~~~~~~~~~~~~~~~~~~~~~~~~~[0m


[31mX [41;31m[[41;97mERROR[41;31m][0m [1mNG5002: Parser Error: Conditional expression portfolioTrendHoveredPoint ? portfolioTrendHoveredPoint.profitEuros | number:'1.2-2' : portfolioTrendValueLabel requires all 3 expressions at the end of the expression [ {{ portfolioTrendHoveredPoint ? portfolioTrendHoveredPoint.profitEuros | number:'1.2-2' : portfolioTrendValueLabel }} ] in C:\Users\jorge\OneDrive\workspace\angular-app23\angular-app\src\app\pages\portfolio-home.component.html@115:14[0m [1m[35m[plugin angular-compiler][0m

    src/app/pages/portfolio-home.component.html:216:38:
[37m      216 │ ..."counter">[32m{{ getSectionTotalRows(section) }} posiciones visibl[37m...
          ╵              [32m~~~~~~~~~~~~~~~~~~~~~~~~~~~~~~~~~~~~~~~~~~~~~~~~~~~~[0m

  Error occurs in the template of component PortfolioHomeComponent.

    src/app/pages/portfolio-home.component.ts:33:15:
[37m      33 │   templateUrl: [32m'./portfolio-home.component.html'[37m,
         ╵                [32m~~~~~~~~~~~~~~~~~~~~~~~~~~~~~~~~~[0m


[31mX [41;31m[[41;97mERROR[41;31m][0m [1mNG5002: Parser Error: Conditional expression portfolioTrendHoveredPoint ? portfolioTrendHoveredPoint.profitEuros | number:'1.2-2' : portfolioTrendValueLabel requires all 3 expressions at the end of the expression [ {{ portfolioTrendHoveredPoint ? portfolioTrendHoveredPoint.profitEuros | number:'1.2-2' : portfolioTrendValueLabel }} ] in C:\Users\jorge\OneDrive\workspace\angular-app23\angular-app\src\app\pages\portfolio-home.component.html@115:14[0m [1m[35m[plugin angular-compiler][0m

    src/app/pages/portfolio-home.component.html:220:17:
[37m      220 │             @if ([32msection.totals[37m) {
          ╵                  [32m~~~~~~~~~~~~~~[0m

  Error occurs in the template of component PortfolioHomeComponent.

    src/app/pages/portfolio-home.component.ts:33:15:
[37m      33 │   templateUrl: [32m'./portfolio-home.component.html'[37m,
         ╵                [32m~~~~~~~~~~~~~~~~~~~~~~~~~~~~~~~~~[0m


[31mX [41;31m[[41;97mERROR[41;31m][0m [1mNG5002: Parser Error: Conditional expression portfolioTrendHoveredPoint ? portfolioTrendHoveredPoint.profitEuros | number:'1.2-2' : portfolioTrendValueLabel requires all 3 expressions at the end of the expression [ {{ portfolioTrendHoveredPoint ? portfolioTrendHoveredPoint.profitEuros | number:'1.2-2' : portfolioTrendValueLabel }} ] in C:\Users\jorge\OneDrive\workspace\angular-app23\angular-app\src\app\pages\portfolio-home.component.html@115:14[0m [1m[35m[plugin angular-compiler][0m

    src/app/pages/portfolio-home.component.html:224:26:
[37m      224 │ ...              <strong>[32m{{ section.totals.totalInvested }}[37m</strong>
          ╵                          [32m~~~~~~~~~~~~~~~~~~~~~~~~~~~~~~~~~~[0m

  Error occurs in the template of component PortfolioHomeComponent.

    src/app/pages/portfolio-home.component.ts:33:15:
[37m      33 │   templateUrl: [32m'./portfolio-home.component.html'[37m,
         ╵                [32m~~~~~~~~~~~~~~~~~~~~~~~~~~~~~~~~~[0m


[31mX [41;31m[[41;97mERROR[41;31m][0m [1mNG5002: Parser Error: Conditional expression portfolioTrendHoveredPoint ? portfolioTrendHoveredPoint.profitEuros | number:'1.2-2' : portfolioTrendValueLabel requires all 3 expressions at the end of the expression [ {{ portfolioTrendHoveredPoint ? portfolioTrendHoveredPoint.profitEuros | number:'1.2-2' : portfolioTrendValueLabel }} ] in C:\Users\jorge\OneDrive\workspace\angular-app23\angular-app\src\app\pages\portfolio-home.component.html@115:14[0m [1m[35m[plugin angular-compiler][0m

    src/app/pages/portfolio-home.component.html:228:26:
[37m      228 │ ...             <strong>[32m{{ section.totals.totalValuation }}[37m</strong>
          ╵                         [32m~~~~~~~~~~~~~~~~~~~~~~~~~~~~~~~~~~~[0m

  Error occurs in the template of component PortfolioHomeComponent.

    src/app/pages/portfolio-home.component.ts:33:15:
[37m      33 │   templateUrl: [32m'./portfolio-home.component.html'[37m,
         ╵                [32m~~~~~~~~~~~~~~~~~~~~~~~~~~~~~~~~~[0m


[31mX [41;31m[[41;97mERROR[41;31m][0m [1mNG5002: Parser Error: Conditional expression portfolioTrendHoveredPoint ? portfolioTrendHoveredPoint.profitEuros | number:'1.2-2' : portfolioTrendValueLabel requires all 3 expressions at the end of the expression [ {{ portfolioTrendHoveredPoint ? portfolioTrendHoveredPoint.profitEuros | number:'1.2-2' : portfolioTrendValueLabel }} ] in C:\Users\jorge\OneDrive\workspace\angular-app23\angular-app\src\app\pages\portfolio-home.component.html@115:14[0m [1m[35m[plugin angular-compiler][0m

    src/app/pages/portfolio-home.component.html:233:38:
[37m      233 │ ...           [class.negative]="[32msection.totals.profitEurosValue < 0[37m"
          ╵                                 [32m~~~~~~~~~~~~~~~~~~~~~~~~~~~~~~~~~~~[0m

  Error occurs in the template of component PortfolioHomeComponent.

    src/app/pages/portfolio-home.component.ts:33:15:
[37m      33 │   templateUrl: [32m'./portfolio-home.component.html'[37m,
         ╵                [32m~~~~~~~~~~~~~~~~~~~~~~~~~~~~~~~~~[0m


[31mX [41;31m[[41;97mERROR[41;31m][0m [1mNG5002: Parser Error: Conditional expression portfolioTrendHoveredPoint ? portfolioTrendHoveredPoint.profitEuros | number:'1.2-2' : portfolioTrendValueLabel requires all 3 expressions at the end of the expression [ {{ portfolioTrendHoveredPoint ? portfolioTrendHoveredPoint.profitEuros | number:'1.2-2' : portfolioTrendValueLabel }} ] in C:\Users\jorge\OneDrive\workspace\angular-app23\angular-app\src\app\pages\portfolio-home.component.html@115:14[0m [1m[35m[plugin angular-compiler][0m

    src/app/pages/portfolio-home.component.html:234:38:
[37m      234 │ ...           [class.positive]="[32msection.totals.profitEurosValue > 0[37m"
          ╵                                 [32m~~~~~~~~~~~~~~~~~~~~~~~~~~~~~~~~~~~[0m

  Error occurs in the template of component PortfolioHomeComponent.

    src/app/pages/portfolio-home.component.ts:33:15:
[37m      33 │   templateUrl: [32m'./portfolio-home.component.html'[37m,
         ╵                [32m~~~~~~~~~~~~~~~~~~~~~~~~~~~~~~~~~[0m


[31mX [41;31m[[41;97mERROR[41;31m][0m [1mNG5002: Parser Error: Conditional expression portfolioTrendHoveredPoint ? portfolioTrendHoveredPoint.profitEuros | number:'1.2-2' : portfolioTrendValueLabel requires all 3 expressions at the end of the expression [ {{ portfolioTrendHoveredPoint ? portfolioTrendHoveredPoint.profitEuros | number:'1.2-2' : portfolioTrendValueLabel }} ] in C:\Users\jorge\OneDrive\workspace\angular-app23\angular-app\src\app\pages\portfolio-home.component.html@115:14[0m [1m[35m[plugin angular-compiler][0m

    src/app/pages/portfolio-home.component.html:235:19:
[37m      235 │                   >[32m{{ section.totals.profitEuros }}[37m</strong>
          ╵                    [32m~~~~~~~~~~~~~~~~~~~~~~~~~~~~~~~~[0m

  Error occurs in the template of component PortfolioHomeComponent.

    src/app/pages/portfolio-home.component.ts:33:15:
[37m      33 │   templateUrl: [32m'./portfolio-home.component.html'[37m,
         ╵                [32m~~~~~~~~~~~~~~~~~~~~~~~~~~~~~~~~~[0m


[31mX [41;31m[[41;97mERROR[41;31m][0m [1mNG5002: Parser Error: Conditional expression portfolioTrendHoveredPoint ? portfolioTrendHoveredPoint.profitEuros | number:'1.2-2' : portfolioTrendValueLabel requires all 3 expressions at the end of the expression [ {{ portfolioTrendHoveredPoint ? portfolioTrendHoveredPoint.profitEuros | number:'1.2-2' : portfolioTrendValueLabel }} ] in C:\Users\jorge\OneDrive\workspace\angular-app23\angular-app\src\app\pages\portfolio-home.component.html@115:14[0m [1m[35m[plugin angular-compiler][0m

    src/app/pages/portfolio-home.component.html:240:38:
[37m      240 │ ...           [class.negative]="[32msection.totals.totalReturnValue < 0[37m"
          ╵                                 [32m~~~~~~~~~~~~~~~~~~~~~~~~~~~~~~~~~~~[0m

  Error occurs in the template of component PortfolioHomeComponent.

    src/app/pages/portfolio-home.component.ts:33:15:
[37m      33 │   templateUrl: [32m'./portfolio-home.component.html'[37m,
         ╵                [32m~~~~~~~~~~~~~~~~~~~~~~~~~~~~~~~~~[0m


[31mX [41;31m[[41;97mERROR[41;31m][0m [1mNG5002: Parser Error: Conditional expression portfolioTrendHoveredPoint ? portfolioTrendHoveredPoint.profitEuros | number:'1.2-2' : portfolioTrendValueLabel requires all 3 expressions at the end of the expression [ {{ portfolioTrendHoveredPoint ? portfolioTrendHoveredPoint.profitEuros | number:'1.2-2' : portfolioTrendValueLabel }} ] in C:\Users\jorge\OneDrive\workspace\angular-app23\angular-app\src\app\pages\portfolio-home.component.html@115:14[0m [1m[35m[plugin angular-compiler][0m

    src/app/pages/portfolio-home.component.html:241:38:
[37m      241 │ ...           [class.positive]="[32msection.totals.totalReturnValue > 0[37m"
          ╵                                 [32m~~~~~~~~~~~~~~~~~~~~~~~~~~~~~~~~~~~[0m

  Error occurs in the template of component PortfolioHomeComponent.

    src/app/pages/portfolio-home.component.ts:33:15:
[37m      33 │   templateUrl: [32m'./portfolio-home.component.html'[37m,
         ╵                [32m~~~~~~~~~~~~~~~~~~~~~~~~~~~~~~~~~[0m


[31mX [41;31m[[41;97mERROR[41;31m][0m [1mNG5002: Parser Error: Conditional expression portfolioTrendHoveredPoint ? portfolioTrendHoveredPoint.profitEuros | number:'1.2-2' : portfolioTrendValueLabel requires all 3 expressions at the end of the expression [ {{ portfolioTrendHoveredPoint ? portfolioTrendHoveredPoint.profitEuros | number:'1.2-2' : portfolioTrendValueLabel }} ] in C:\Users\jorge\OneDrive\workspace\angular-app23\angular-app\src\app\pages\portfolio-home.component.html@115:14[0m [1m[35m[plugin angular-compiler][0m

    src/app/pages/portfolio-home.component.html:242:19:
[37m      242 │                   >[32m{{ section.totals.totalReturn || '-' }}[37m</strong>
          ╵                    [32m~~~~~~~~~~~~~~~~~~~~~~~~~~~~~~~~~~~~~~~[0m

  Error occurs in the template of component PortfolioHomeComponent.

    src/app/pages/portfolio-home.component.ts:33:15:
[37m      33 │   templateUrl: [32m'./portfolio-home.component.html'[37m,
         ╵                [32m~~~~~~~~~~~~~~~~~~~~~~~~~~~~~~~~~[0m


[31mX [41;31m[[41;97mERROR[41;31m][0m [1mNG5002: Parser Error: Conditional expression portfolioTrendHoveredPoint ? portfolioTrendHoveredPoint.profitEuros | number:'1.2-2' : portfolioTrendValueLabel requires all 3 expressions at the end of the expression [ {{ portfolioTrendHoveredPoint ? portfolioTrendHoveredPoint.profitEuros | number:'1.2-2' : portfolioTrendValueLabel }} ] in C:\Users\jorge\OneDrive\workspace\angular-app23\angular-app\src\app\pages\portfolio-home.component.html@115:14[0m [1m[35m[plugin angular-compiler][0m

    src/app/pages/portfolio-home.component.html:252:66:
[37m      252 │ ...s="cell-asset" role="button" (click)="[32msortBy('name')[37m">Activo</th>
          ╵                                          [32m~~~~~~~~~~~~~~[0m

  Error occurs in the template of component PortfolioHomeComponent.

    src/app/pages/portfolio-home.component.ts:33:15:
[37m      33 │   templateUrl: [32m'./portfolio-home.component.html'[37m,
         ╵                [32m~~~~~~~~~~~~~~~~~~~~~~~~~~~~~~~~~[0m


[31mX [41;31m[[41;97mERROR[41;31m][0m [1mNG5002: Parser Error: Conditional expression portfolioTrendHoveredPoint ? portfolioTrendHoveredPoint.profitEuros | number:'1.2-2' : portfolioTrendValueLabel requires all 3 expressions at the end of the expression [ {{ portfolioTrendHoveredPoint ? portfolioTrendHoveredPoint.profitEuros | number:'1.2-2' : portfolioTrendValueLabel }} ] in C:\Users\jorge\OneDrive\workspace\angular-app23\angular-app\src\app\pages\portfolio-home.component.html@115:14[0m [1m[35m[plugin angular-compiler][0m

    src/app/pages/portfolio-home.component.html:254:69:
[37m      254 │ ...le="button" (click)="[32msortBy('totalInvestedValue')[37m">Invertido</th>
          ╵                         [32m~~~~~~~~~~~~~~~~~~~~~~~~~~~~[0m

  Error occurs in the template of component PortfolioHomeComponent.

    src/app/pages/portfolio-home.component.ts:33:15:
[37m      33 │   templateUrl: [32m'./portfolio-home.component.html'[37m,
         ╵                [32m~~~~~~~~~~~~~~~~~~~~~~~~~~~~~~~~~[0m


[31mX [41;31m[[41;97mERROR[41;31m][0m [1mNG5002: Parser Error: Conditional expression portfolioTrendHoveredPoint ? portfolioTrendHoveredPoint.profitEuros | number:'1.2-2' : portfolioTrendValueLabel requires all 3 expressions at the end of the expression [ {{ portfolioTrendHoveredPoint ? portfolioTrendHoveredPoint.profitEuros | number:'1.2-2' : portfolioTrendValueLabel }} ] in C:\Users\jorge\OneDrive\workspace\angular-app23\angular-app\src\app\pages\portfolio-home.component.html@115:14[0m [1m[35m[plugin angular-compiler][0m

    src/app/pages/portfolio-home.component.html:255:67:
[37m      255 │ ...market" role="button" (click)="[32msortBy('marketDate')[37m">Mercado</th>
          ╵                                   [32m~~~~~~~~~~~~~~~~~~~~[0m

  Error occurs in the template of component PortfolioHomeComponent.

    src/app/pages/portfolio-home.component.ts:33:15:
[37m      33 │   templateUrl: [32m'./portfolio-home.component.html'[37m,
         ╵                [32m~~~~~~~~~~~~~~~~~~~~~~~~~~~~~~~~~[0m


[31mX [41;31m[[41;97mERROR[41;31m][0m [1mNG5002: Parser Error: Conditional expression portfolioTrendHoveredPoint ? portfolioTrendHoveredPoint.profitEuros | number:'1.2-2' : portfolioTrendValueLabel requires all 3 expressions at the end of the expression [ {{ portfolioTrendHoveredPoint ? portfolioTrendHoveredPoint.profitEuros | number:'1.2-2' : portfolioTrendValueLabel }} ] in C:\Users\jorge\OneDrive\workspace\angular-app23\angular-app\src\app\pages\portfolio-home.component.html@115:14[0m [1m[35m[plugin angular-compiler][0m

    src/app/pages/portfolio-home.component.html:256:70:
[37m      256 │ ...="button" (click)="[32msortBy('totalValuationValue')[37m">Valoracion</th>
          ╵                       [32m~~~~~~~~~~~~~~~~~~~~~~~~~~~~~[0m

  Error occurs in the template of component PortfolioHomeComponent.

    src/app/pages/portfolio-home.component.ts:33:15:
[37m      33 │   templateUrl: [32m'./portfolio-home.component.html'[37m,
         ╵                [32m~~~~~~~~~~~~~~~~~~~~~~~~~~~~~~~~~[0m


[31mX [41;31m[[41;97mERROR[41;31m][0m [1mNG5002: Parser Error: Conditional expression portfolioTrendHoveredPoint ? portfolioTrendHoveredPoint.profitEuros | number:'1.2-2' : portfolioTrendValueLabel requires all 3 expressions at the end of the expression [ {{ portfolioTrendHoveredPoint ? portfolioTrendHoveredPoint.profitEuros | number:'1.2-2' : portfolioTrendValueLabel }} ] in C:\Users\jorge\OneDrive\workspace\angular-app23\angular-app\src\app\pages\portfolio-home.component.html@115:14[0m [1m[35m[plugin angular-compiler][0m

    src/app/pages/portfolio-home.component.html:257:72:
[37m      257 │ ...e="button" (click)="[32msortBy('totalReturnValue')[37m">Rentabilidad</th>
          ╵                        [32m~~~~~~~~~~~~~~~~~~~~~~~~~~[0m

  Error occurs in the template of component PortfolioHomeComponent.

    src/app/pages/portfolio-home.component.ts:33:15:
[37m      33 │   templateUrl: [32m'./portfolio-home.component.html'[37m,
         ╵                [32m~~~~~~~~~~~~~~~~~~~~~~~~~~~~~~~~~[0m


[31mX [41;31m[[41;97mERROR[41;31m][0m [1mNG5002: Parser Error: Conditional expression portfolioTrendHoveredPoint ? portfolioTrendHoveredPoint.profitEuros | number:'1.2-2' : portfolioTrendValueLabel requires all 3 expressions at the end of the expression [ {{ portfolioTrendHoveredPoint ? portfolioTrendHoveredPoint.profitEuros | number:'1.2-2' : portfolioTrendValueLabel }} ] in C:\Users\jorge\OneDrive\workspace\angular-app23\angular-app\src\app\pages\portfolio-home.component.html@115:14[0m [1m[35m[plugin angular-compiler][0m

    src/app/pages/portfolio-home.component.html:261:24:
[37m      261 │                   @for ([32mrow of section.rows[37m; track trackByRow($in...
          ╵                         [32m~~~~~~~~~~~~~~~~~~~[0m

  Error occurs in the template of component PortfolioHomeComponent.

    src/app/pages/portfolio-home.component.ts:33:15:
[37m      33 │   templateUrl: [32m'./portfolio-home.component.html'[37m,
         ╵                [32m~~~~~~~~~~~~~~~~~~~~~~~~~~~~~~~~~[0m


[31mX [41;31m[[41;97mERROR[41;31m][0m [1mNG5002: Parser Error: Conditional expression portfolioTrendHoveredPoint ? portfolioTrendHoveredPoint.profitEuros | number:'1.2-2' : portfolioTrendValueLabel requires all 3 expressions at the end of the expression [ {{ portfolioTrendHoveredPoint ? portfolioTrendHoveredPoint.profitEuros | number:'1.2-2' : portfolioTrendValueLabel }} ] in C:\Users\jorge\OneDrive\workspace\angular-app23\angular-app\src\app\pages\portfolio-home.component.html@115:14[0m [1m[35m[plugin angular-compiler][0m

    src/app/pages/portfolio-home.component.html:261:45:
[37m      261 │ ...      @for (row of section.rows; [32mtrack trackByRow($index, row)[37m) {
          ╵                                     [32m~~~~~~~~~~~~~~~~~~~~~~~~~~~~~[0m

  Error occurs in the template of component PortfolioHomeComponent.

    src/app/pages/portfolio-home.component.ts:33:15:
[37m      33 │   templateUrl: [32m'./portfolio-home.component.html'[37m,
         ╵                [32m~~~~~~~~~~~~~~~~~~~~~~~~~~~~~~~~~[0m


[31mX [41;31m[[41;97mERROR[41;31m][0m [1mNG5002: Parser Error: Conditional expression portfolioTrendHoveredPoint ? portfolioTrendHoveredPoint.profitEuros | number:'1.2-2' : portfolioTrendValueLabel requires all 3 expressions at the end of the expression [ {{ portfolioTrendHoveredPoint ? portfolioTrendHoveredPoint.profitEuros | number:'1.2-2' : portfolioTrendValueLabel }} ] in C:\Users\jorge\OneDrive\workspace\angular-app23\angular-app\src\app\pages\portfolio-home.component.html@115:14[0m [1m[35m[plugin angular-compiler][0m

    src/app/pages/portfolio-home.component.html:266:40:
[37m      266 │                           [routerLink]="[32mgetDetailRoute(row)[37m"
          ╵                                         [32m~~~~~~~~~~~~~~~~~~~[0m

  Error occurs in the template of component PortfolioHomeComponent.

    src/app/pages/portfolio-home.component.ts:33:15:
[37m      33 │   templateUrl: [32m'./portfolio-home.component.html'[37m,
         ╵                [32m~~~~~~~~~~~~~~~~~~~~~~~~~~~~~~~~~[0m


[31mX [41;31m[[41;97mERROR[41;31m][0m [1mNG5002: Parser Error: Conditional expression portfolioTrendHoveredPoint ? portfolioTrendHoveredPoint.profitEuros | number:'1.2-2' : portfolioTrendValueLabel requires all 3 expressions at the end of the expression [ {{ portfolioTrendHoveredPoint ? portfolioTrendHoveredPoint.profitEuros | number:'1.2-2' : portfolioTrendValueLabel }} ] in C:\Users\jorge\OneDrive\workspace\angular-app23\angular-app\src\app\pages\portfolio-home.component.html@115:14[0m [1m[35m[plugin angular-compiler][0m

    src/app/pages/portfolio-home.component.html:267:45:
[37m      267 │ ...                 [attr.aria-label]="[32m'Abrir ficha de ' + row.name[37m"
          ╵                                        [32m~~~~~~~~~~~~~~~~~~~~~~~~~~~~[0m

  Error occurs in the template of component PortfolioHomeComponent.

    src/app/pages/portfolio-home.component.ts:33:15:
[37m      33 │   templateUrl: [32m'./portfolio-home.component.html'[37m,
         ╵                [32m~~~~~~~~~~~~~~~~~~~~~~~~~~~~~~~~~[0m


[31mX [41;31m[[41;97mERROR[41;31m][0m [1mNG5002: Parser Error: Conditional expression portfolioTrendHoveredPoint ? portfolioTrendHoveredPoint.profitEuros | number:'1.2-2' : portfolioTrendValueLabel requires all 3 expressions at the end of the expression [ {{ portfolioTrendHoveredPoint ? portfolioTrendHoveredPoint.profitEuros | number:'1.2-2' : portfolioTrendValueLabel }} ] in C:\Users\jorge\OneDrive\workspace\angular-app23\angular-app\src\app\pages\portfolio-home.component.html@115:14[0m [1m[35m[plugin angular-compiler][0m

    src/app/pages/portfolio-home.component.html:278:32:
[37m      278 │                         <strong>[32m{{ row.name }}[37m</strong>
          ╵                                 [32m~~~~~~~~~~~~~~[0m

  Error occurs in the template of component PortfolioHomeComponent.

    src/app/pages/portfolio-home.component.ts:33:15:
[37m      33 │   templateUrl: [32m'./portfolio-home.component.html'[37m,
         ╵                [32m~~~~~~~~~~~~~~~~~~~~~~~~~~~~~~~~~[0m


[31mX [41;31m[[41;97mERROR[41;31m][0m [1mNG5002: Parser Error: Conditional expression portfolioTrendHoveredPoint ? portfolioTrendHoveredPoint.profitEuros | number:'1.2-2' : portfolioTrendValueLabel requires all 3 expressions at the end of the expression [ {{ portfolioTrendHoveredPoint ? portfolioTrendHoveredPoint.profitEuros | number:'1.2-2' : portfolioTrendValueLabel }} ] in C:\Users\jorge\OneDrive\workspace\angular-app23\angular-app\src\app\pages\portfolio-home.component.html@115:14[0m [1m[35m[plugin angular-compiler][0m

    src/app/pages/portfolio-home.component.html:279:48:
[37m      279 │ ...      <span class="cell-meta">[32m{{ row.isin || 'Sin ISIN' }}[37m</span>
          ╵                                  [32m~~~~~~~~~~~~~~~~~~~~~~~~~~~~[0m

  Error occurs in the template of component PortfolioHomeComponent.

    src/app/pages/portfolio-home.component.ts:33:15:
[37m      33 │   templateUrl: [32m'./portfolio-home.component.html'[37m,
         ╵                [32m~~~~~~~~~~~~~~~~~~~~~~~~~~~~~~~~~[0m


[31mX [41;31m[[41;97mERROR[41;31m][0m [1mNG5002: Parser Error: Conditional expression portfolioTrendHoveredPoint ? portfolioTrendHoveredPoint.profitEuros | number:'1.2-2' : portfolioTrendValueLabel requires all 3 expressions at the end of the expression [ {{ portfolioTrendHoveredPoint ? portfolioTrendHoveredPoint.profitEuros | number:'1.2-2' : portfolioTrendValueLabel }} ] in C:\Users\jorge\OneDrive\workspace\angular-app23\angular-app\src\app\pages\portfolio-home.component.html@115:14[0m [1m[35m[plugin angular-compiler][0m

    src/app/pages/portfolio-home.component.html:280:48:
[37m      280 │ ...<span class="cell-meta">[32mTipo: {{ row.type || 'Sin tipo' }}[37m</span>
          ╵                            [32m~~~~~~~~~~~~~~~~~~~~~~~~~~~~~~~~~~[0m

  Error occurs in the template of component PortfolioHomeComponent.

    src/app/pages/portfolio-home.component.ts:33:15:
[37m      33 │   templateUrl: [32m'./portfolio-home.component.html'[37m,
         ╵                [32m~~~~~~~~~~~~~~~~~~~~~~~~~~~~~~~~~[0m


[31mX [41;31m[[41;97mERROR[41;31m][0m [1mNG5002: Parser Error: Conditional expression portfolioTrendHoveredPoint ? portfolioTrendHoveredPoint.profitEuros | number:'1.2-2' : portfolioTrendValueLabel requires all 3 expressions at the end of the expression [ {{ portfolioTrendHoveredPoint ? portfolioTrendHoveredPoint.profitEuros | number:'1.2-2' : portfolioTrendValueLabel }} ] in C:\Users\jorge\OneDrive\workspace\angular-app23\angular-app\src\app\pages\portfolio-home.component.html@115:14[0m [1m[35m[plugin angular-compiler][0m

    src/app/pages/portfolio-home.component.html:281:81:
[37m      281 │ ...le-cell editable-cell--stack" (click)="[32m$event.stopPropagation()[37m">
          ╵                                           [32m~~~~~~~~~~~~~~~~~~~~~~~~[0m

  Error occurs in the template of component PortfolioHomeComponent.

    src/app/pages/portfolio-home.component.ts:33:15:
[37m      33 │   templateUrl: [32m'./portfolio-home.component.html'[37m,
         ╵                [32m~~~~~~~~~~~~~~~~~~~~~~~~~~~~~~~~~[0m


[31mX [41;31m[[41;97mERROR[41;31m][0m [1mNG5002: Parser Error: Conditional expression portfolioTrendHoveredPoint ? portfolioTrendHoveredPoint.profitEuros | number:'1.2-2' : portfolioTrendValueLabel requires all 3 expressions at the end of the expression [ {{ portfolioTrendHoveredPoint ? portfolioTrendHoveredPoint.profitEuros | number:'1.2-2' : portfolioTrendValueLabel }} ] in C:\Users\jorge\OneDrive\workspace\angular-app23\angular-app\src\app\pages\portfolio-home.component.html@115:14[0m [1m[35m[plugin angular-compiler][0m

    src/app/pages/portfolio-home.component.html:282:31:
[37m      282 │ ...                 @if ([32misEditingCell(row.id, 'investmentClass')[37m) {
          ╵                          [32m~~~~~~~~~~~~~~~~~~~~~~~~~~~~~~~~~~~~~~~~[0m

  Error occurs in the template of component PortfolioHomeComponent.

    src/app/pages/portfolio-home.component.ts:33:15:
[37m      33 │   templateUrl: [32m'./portfolio-home.component.html'[37m,
         ╵                [32m~~~~~~~~~~~~~~~~~~~~~~~~~~~~~~~~~[0m


[31mX [41;31m[[41;97mERROR[41;31m][0m [1mNG5002: Parser Error: Conditional expression portfolioTrendHoveredPoint ? portfolioTrendHoveredPoint.profitEuros | number:'1.2-2' : portfolioTrendValueLabel requires all 3 expressions at the end of the expression [ {{ portfolioTrendHoveredPoint ? portfolioTrendHoveredPoint.profitEuros | number:'1.2-2' : portfolioTrendValueLabel }} ] in C:\Users\jorge\OneDrive\workspace\angular-app23\angular-app\src\app\pages\portfolio-home.component.html@115:14[0m [1m[35m[plugin angular-compiler][0m

    src/app/pages/portfolio-home.component.html:285:41:
[37m      285 │ ... [ngModel]="[32meditingCell?.draftValue || investmentClassOptions[0][37m"
          ╵                [32m~~~~~~~~~~~~~~~~~~~~~~~~~~~~~~~~~~~~~~~~~~~~~~~~~~~~[0m

  Error occurs in the template of component PortfolioHomeComponent.

    src/app/pages/portfolio-home.component.ts:33:15:
[37m      33 │   templateUrl: [32m'./portfolio-home.component.html'[37m,
         ╵                [32m~~~~~~~~~~~~~~~~~~~~~~~~~~~~~~~~~[0m


[31mX [41;31m[[41;97mERROR[41;31m][0m [1mNG5002: Parser Error: Conditional expression portfolioTrendHoveredPoint ? portfolioTrendHoveredPoint.profitEuros | number:'1.2-2' : portfolioTrendValueLabel requires all 3 expressions at the end of the expression [ {{ portfolioTrendHoveredPoint ? portfolioTrendHoveredPoint.profitEuros | number:'1.2-2' : portfolioTrendValueLabel }} ] in C:\Users\jorge\OneDrive\workspace\angular-app23\angular-app\src\app\pages\portfolio-home.component.html@115:14[0m [1m[35m[plugin angular-compiler][0m

    src/app/pages/portfolio-home.component.html:286:47:
[37m      286 │ ...                     (ngModelChange)="[32mupdateEditingValue($event)[37m"
          ╵                                          [32m~~~~~~~~~~~~~~~~~~~~~~~~~~[0m

  Error occurs in the template of component PortfolioHomeComponent.

    src/app/pages/portfolio-home.component.ts:33:15:
[37m      33 │   templateUrl: [32m'./portfolio-home.component.html'[37m,
         ╵                [32m~~~~~~~~~~~~~~~~~~~~~~~~~~~~~~~~~[0m


[31mX [41;31m[[41;97mERROR[41;31m][0m [1mNG5002: Parser Error: Conditional expression portfolioTrendHoveredPoint ? portfolioTrendHoveredPoint.profitEuros | number:'1.2-2' : portfolioTrendValueLabel requires all 3 expressions at the end of the expression [ {{ portfolioTrendHoveredPoint ? portfolioTrendHoveredPoint.profitEuros | number:'1.2-2' : portfolioTrendValueLabel }} ] in C:\Users\jorge\OneDrive\workspace\angular-app23\angular-app\src\app\pages\portfolio-home.component.html@115:14[0m [1m[35m[plugin angular-compiler][0m

    src/app/pages/portfolio-home.component.html:287:39:
[37m      287 │                               (click)="[32m$event.stopPropagation()[37m"
          ╵                                        [32m~~~~~~~~~~~~~~~~~~~~~~~~[0m

  Error occurs in the template of component PortfolioHomeComponent.

    src/app/pages/portfolio-home.component.ts:33:15:
[37m      33 │   templateUrl: [32m'./portfolio-home.component.html'[37m,
         ╵                [32m~~~~~~~~~~~~~~~~~~~~~~~~~~~~~~~~~[0m


[31mX [41;31m[[41;97mERROR[41;31m][0m [1mNG5002: Parser Error: Conditional expression portfolioTrendHoveredPoint ? portfolioTrendHoveredPoint.profitEuros | number:'1.2-2' : portfolioTrendValueLabel requires all 3 expressions at the end of the expression [ {{ portfolioTrendHoveredPoint ? portfolioTrendHoveredPoint.profitEuros | number:'1.2-2' : portfolioTrendValueLabel }} ] in C:\Users\jorge\OneDrive\workspace\angular-app23\angular-app\src\app\pages\portfolio-home.component.html@115:14[0m [1m[35m[plugin angular-compiler][0m

    src/app/pages/portfolio-home.component.html:289:36:
[37m      289 │ ...          @for ([32moption of investmentClassOptions[37m; track option) {
          ╵                    [32m~~~~~~~~~~~~~~~~~~~~~~~~~~~~~~~~[0m

  Error occurs in the template of component PortfolioHomeComponent.

    src/app/pages/portfolio-home.component.ts:33:15:
[37m      33 │   templateUrl: [32m'./portfolio-home.component.html'[37m,
         ╵                [32m~~~~~~~~~~~~~~~~~~~~~~~~~~~~~~~~~[0m


[31mX [41;31m[[41;97mERROR[41;31m][0m [1mNG5002: Parser Error: Conditional expression portfolioTrendHoveredPoint ? portfolioTrendHoveredPoint.profitEuros | number:'1.2-2' : portfolioTrendValueLabel requires all 3 expressions at the end of the expression [ {{ portfolioTrendHoveredPoint ? portfolioTrendHoveredPoint.profitEuros | number:'1.2-2' : portfolioTrendValueLabel }} ] in C:\Users\jorge\OneDrive\workspace\angular-app23\angular-app\src\app\pages\portfolio-home.component.html@115:14[0m [1m[35m[plugin angular-compiler][0m

    src/app/pages/portfolio-home.component.html:289:70:
[37m      289 │ ...          @for (option of investmentClassOptions; [32mtrack option[37m) {
          ╵                                                      [32m~~~~~~~~~~~~[0m

  Error occurs in the template of component PortfolioHomeComponent.

    src/app/pages/portfolio-home.component.ts:33:15:
[37m      33 │   templateUrl: [32m'./portfolio-home.component.html'[37m,
         ╵                [32m~~~~~~~~~~~~~~~~~~~~~~~~~~~~~~~~~[0m


[31mX [41;31m[[41;97mERROR[41;31m][0m [1mNG5002: Parser Error: Conditional expression portfolioTrendHoveredPoint ? portfolioTrendHoveredPoint.profitEuros | number:'1.2-2' : portfolioTrendValueLabel requires all 3 expressions at the end of the expression [ {{ portfolioTrendHoveredPoint ? portfolioTrendHoveredPoint.profitEuros | number:'1.2-2' : portfolioTrendValueLabel }} ] in C:\Users\jorge\OneDrive\workspace\angular-app23\angular-app\src\app\pages\portfolio-home.component.html@115:14[0m [1m[35m[plugin angular-compiler][0m

    src/app/pages/portfolio-home.component.html:290:49:
[37m      290 │ ...                   <option [value]="[32moption[37m">{{ option }}</option>
          ╵                                        [32m~~~~~~[0m

  Error occurs in the template of component PortfolioHomeComponent.

    src/app/pages/portfolio-home.component.ts:33:15:
[37m      33 │   templateUrl: [32m'./portfolio-home.component.html'[37m,
         ╵                [32m~~~~~~~~~~~~~~~~~~~~~~~~~~~~~~~~~[0m


[31mX [41;31m[[41;97mERROR[41;31m][0m [1mNG5002: Parser Error: Conditional expression portfolioTrendHoveredPoint ? portfolioTrendHoveredPoint.profitEuros | number:'1.2-2' : portfolioTrendValueLabel requires all 3 expressions at the end of the expression [ {{ portfolioTrendHoveredPoint ? portfolioTrendHoveredPoint.profitEuros | number:'1.2-2' : portfolioTrendValueLabel }} ] in C:\Users\jorge\OneDrive\workspace\angular-app23\angular-app\src\app\pages\portfolio-home.component.html@115:14[0m [1m[35m[plugin angular-compiler][0m

    src/app/pages/portfolio-home.component.html:290:57:
[37m      290 │ ...                   <option [value]="option">[32m{{ option }}[37m</option>
          ╵                                                [32m~~~~~~~~~~~~[0m

  Error occurs in the template of component PortfolioHomeComponent.

    src/app/pages/portfolio-home.component.ts:33:15:
[37m      33 │   templateUrl: [32m'./portfolio-home.component.html'[37m,
         ╵                [32m~~~~~~~~~~~~~~~~~~~~~~~~~~~~~~~~~[0m


[31mX [41;31m[[41;97mERROR[41;31m][0m [1mNG5002: Parser Error: Conditional expression portfolioTrendHoveredPoint ? portfolioTrendHoveredPoint.profitEuros | number:'1.2-2' : portfolioTrendValueLabel requires all 3 expressions at the end of the expression [ {{ portfolioTrendHoveredPoint ? portfolioTrendHoveredPoint.profitEuros | number:'1.2-2' : portfolioTrendValueLabel }} ] in C:\Users\jorge\OneDrive\workspace\angular-app23\angular-app\src\app\pages\portfolio-home.component.html@115:14[0m [1m[35m[plugin angular-compiler][0m

    src/app/pages/portfolio-home.component.html:296:39:
[37m      296 │ ...        (click)="[32msaveEditingCell(row, 'investmentClass', $event)[37m"
          ╵                     [32m~~~~~~~~~~~~~~~~~~~~~~~~~~~~~~~~~~~~~~~~~~~~~~~[0m

  Error occurs in the template of component PortfolioHomeComponent.

    src/app/pages/portfolio-home.component.ts:33:15:
[37m      33 │   templateUrl: [32m'./portfolio-home.component.html'[37m,
         ╵                [32m~~~~~~~~~~~~~~~~~~~~~~~~~~~~~~~~~[0m


[31mX [41;31m[[41;97mERROR[41;31m][0m [1mNG5002: Parser Error: Conditional expression portfolioTrendHoveredPoint ? portfolioTrendHoveredPoint.profitEuros | number:'1.2-2' : portfolioTrendValueLabel requires all 3 expressions at the end of the expression [ {{ portfolioTrendHoveredPoint ? portfolioTrendHoveredPoint.profitEuros | number:'1.2-2' : portfolioTrendValueLabel }} ] in C:\Users\jorge\OneDrive\workspace\angular-app23\angular-app\src\app\pages\portfolio-home.component.html@115:14[0m [1m[35m[plugin angular-compiler][0m

    src/app/pages/portfolio-home.component.html:297:42:
[37m      297 │ ...             [disabled]="[32misSavingCell(row.id, 'investmentClass')[37m"
          ╵                             [32m~~~~~~~~~~~~~~~~~~~~~~~~~~~~~~~~~~~~~~~[0m

  Error occurs in the template of component PortfolioHomeComponent.

    src/app/pages/portfolio-home.component.ts:33:15:
[37m      33 │   templateUrl: [32m'./portfolio-home.component.html'[37m,
         ╵                [32m~~~~~~~~~~~~~~~~~~~~~~~~~~~~~~~~~[0m


[31mX [41;31m[[41;97mERROR[41;31m][0m [1mNG5002: Parser Error: Conditional expression portfolioTrendHoveredPoint ? portfolioTrendHoveredPoint.profitEuros | number:'1.2-2' : portfolioTrendValueLabel requires all 3 expressions at the end of the expression [ {{ portfolioTrendHoveredPoint ? portfolioTrendHoveredPoint.profitEuros | number:'1.2-2' : portfolioTrendValueLabel }} ] in C:\Users\jorge\OneDrive\workspace\angular-app23\angular-app\src\app\pages\portfolio-home.component.html@115:14[0m [1m[35m[plugin angular-compiler][0m

    src/app/pages/portfolio-home.component.html:305:52:
[37m      305 │ ... class="cell-meta">[32mClase: {{ row.investmentClass || '-' }}[37m</span>
          ╵                       [32m~~~~~~~~~~~~~~~~~~~~~~~~~~~~~~~~~~~~~~~[0m

  Error occurs in the template of component PortfolioHomeComponent.

    src/app/pages/portfolio-home.component.ts:33:15:
[37m      33 │   templateUrl: [32m'./portfolio-home.component.html'[37m,
         ╵                [32m~~~~~~~~~~~~~~~~~~~~~~~~~~~~~~~~~[0m


[31mX [41;31m[[41;97mERROR[41;31m][0m [1mNG5002: Parser Error: Conditional expression portfolioTrendHoveredPoint ? portfolioTrendHoveredPoint.profitEuros | number:'1.2-2' : portfolioTrendValueLabel requires all 3 expressions at the end of the expression [ {{ portfolioTrendHoveredPoint ? portfolioTrendHoveredPoint.profitEuros | number:'1.2-2' : portfolioTrendValueLabel }} ] in C:\Users\jorge\OneDrive\workspace\angular-app23\angular-app\src\app\pages\portfolio-home.component.html@115:14[0m [1m[35m[plugin angular-compiler][0m

    src/app/pages/portfolio-home.component.html:306:33:
[37m      306 │ ...             @if ([32msection.title === 'FONDOS' && isFundEditMode[37m) {
          ╵                      [32m~~~~~~~~~~~~~~~~~~~~~~~~~~~~~~~~~~~~~~~~~~~~[0m

  Error occurs in the template of component PortfolioHomeComponent.

    src/app/pages/portfolio-home.component.ts:33:15:
[37m      33 │   templateUrl: [32m'./portfolio-home.component.html'[37m,
         ╵                [32m~~~~~~~~~~~~~~~~~~~~~~~~~~~~~~~~~[0m


[31mX [41;31m[[41;97mERROR[41;31m][0m [1mNG5002: Parser Error: Conditional expression portfolioTrendHoveredPoint ? portfolioTrendHoveredPoint.profitEuros | number:'1.2-2' : portfolioTrendValueLabel requires all 3 expressions at the end of the expression [ {{ portfolioTrendHoveredPoint ? portfolioTrendHoveredPoint.profitEuros | number:'1.2-2' : portfolioTrendValueLabel }} ] in C:\Users\jorge\OneDrive\workspace\angular-app23\angular-app\src\app\pages\portfolio-home.component.html@115:14[0m [1m[35m[plugin angular-compiler][0m

    src/app/pages/portfolio-home.component.html:310:41:
[37m      310 │ ...       (click)="[32mstartEditingCell(row, 'investmentClass', $event)[37m"
          ╵                    [32m~~~~~~~~~~~~~~~~~~~~~~~~~~~~~~~~~~~~~~~~~~~~~~~~[0m

  Error occurs in the template of component PortfolioHomeComponent.

    src/app/pages/portfolio-home.component.ts:33:15:
[37m      33 │   templateUrl: [32m'./portfolio-home.component.html'[37m,
         ╵                [32m~~~~~~~~~~~~~~~~~~~~~~~~~~~~~~~~~[0m


[31mX [41;31m[[41;97mERROR[41;31m][0m [1mNG5002: Parser Error: Conditional expression portfolioTrendHoveredPoint ? portfolioTrendHoveredPoint.profitEuros | number:'1.2-2' : portfolioTrendValueLabel requires all 3 expressions at the end of the expression [ {{ portfolioTrendHoveredPoint ? portfolioTrendHoveredPoint.profitEuros | number:'1.2-2' : portfolioTrendValueLabel }} ] in C:\Users\jorge\OneDrive\workspace\angular-app23\angular-app\src\app\pages\portfolio-home.component.html@115:14[0m [1m[35m[plugin angular-compiler][0m

    src/app/pages/portfolio-home.component.html:322:29:
[37m      322 │                         @if ([32mrow.investmentClass[37m) {
          ╵                              [32m~~~~~~~~~~~~~~~~~~~[0m

  Error occurs in the template of component PortfolioHomeComponent.

    src/app/pages/portfolio-home.component.ts:33:15:
[37m      33 │   templateUrl: [32m'./portfolio-home.component.html'[37m,
         ╵                [32m~~~~~~~~~~~~~~~~~~~~~~~~~~~~~~~~~[0m


[31mX [41;31m[[41;97mERROR[41;31m][0m [1mNG5002: Parser Error: Conditional expression portfolioTrendHoveredPoint ? portfolioTrendHoveredPoint.profitEuros | number:'1.2-2' : portfolioTrendValueLabel requires all 3 expressions at the end of the expression [ {{ portfolioTrendHoveredPoint ? portfolioTrendHoveredPoint.profitEuros | number:'1.2-2' : portfolioTrendValueLabel }} ] in C:\Users\jorge\OneDrive\workspace\angular-app23\angular-app\src\app\pages\portfolio-home.component.html@115:14[0m [1m[35m[plugin angular-compiler][0m

    src/app/pages/portfolio-home.component.html:323:50:
[37m      323 │ ...  <span class="cell-meta">[32mClase: {{ row.investmentClass }}[37m</span>
          ╵                              [32m~~~~~~~~~~~~~~~~~~~~~~~~~~~~~~~~[0m

  Error occurs in the template of component PortfolioHomeComponent.

    src/app/pages/portfolio-home.component.ts:33:15:
[37m      33 │   templateUrl: [32m'./portfolio-home.component.html'[37m,
         ╵                [32m~~~~~~~~~~~~~~~~~~~~~~~~~~~~~~~~~[0m


[31mX [41;31m[[41;97mERROR[41;31m][0m [1mNG5002: Parser Error: Conditional expression portfolioTrendHoveredPoint ? portfolioTrendHoveredPoint.profitEuros | number:'1.2-2' : portfolioTrendValueLabel requires all 3 expressions at the end of the expression [ {{ portfolioTrendHoveredPoint ? portfolioTrendHoveredPoint.profitEuros | number:'1.2-2' : portfolioTrendValueLabel }} ] in C:\Users\jorge\OneDrive\workspace\angular-app23\angular-app\src\app\pages\portfolio-home.component.html@115:14[0m [1m[35m[plugin angular-compiler][0m

    src/app/pages/portfolio-home.component.html:325:48:
[37m      325 │ ...ell-meta">[32m{{ (row.type || 'Sin tipo') + (row.investmentClass ?[37m...
          ╵              [32m~~~~~~~~~~~~~~~~~~~~~~~~~~~~~~~~~~~~~~~~~~~~~~~~~~~~[0m

  Error occurs in the template of component PortfolioHomeComponent.

    src/app/pages/portfolio-home.component.ts:33:15:
[37m      33 │   templateUrl: [32m'./portfolio-home.component.html'[37m,
         ╵                [32m~~~~~~~~~~~~~~~~~~~~~~~~~~~~~~~~~[0m


[31mX [41;31m[[41;97mERROR[41;31m][0m [1mNG5002: Parser Error: Conditional expression portfolioTrendHoveredPoint ? portfolioTrendHoveredPoint.profitEuros | number:'1.2-2' : portfolioTrendValueLabel requires all 3 expressions at the end of the expression [ {{ portfolioTrendHoveredPoint ? portfolioTrendHoveredPoint.profitEuros | number:'1.2-2' : portfolioTrendValueLabel }} ] in C:\Users\jorge\OneDrive\workspace\angular-app23\angular-app\src\app\pages\portfolio-home.component.html@115:14[0m [1m[35m[plugin angular-compiler][0m

    src/app/pages/portfolio-home.component.html:328:60:
[37m      328 │ ...   <div class="editable-cell" (click)="[32m$event.stopPropagation()[37m">
          ╵                                           [32m~~~~~~~~~~~~~~~~~~~~~~~~[0m

  Error occurs in the template of component PortfolioHomeComponent.

    src/app/pages/portfolio-home.component.ts:33:15:
[37m      33 │   templateUrl: [32m'./portfolio-home.component.html'[37m,
         ╵                [32m~~~~~~~~~~~~~~~~~~~~~~~~~~~~~~~~~[0m


[31mX [41;31m[[41;97mERROR[41;31m][0m [1mNG5002: Parser Error: Conditional expression portfolioTrendHoveredPoint ? portfolioTrendHoveredPoint.profitEuros | number:'1.2-2' : portfolioTrendValueLabel requires all 3 expressions at the end of the expression [ {{ portfolioTrendHoveredPoint ? portfolioTrendHoveredPoint.profitEuros | number:'1.2-2' : portfolioTrendValueLabel }} ] in C:\Users\jorge\OneDrive\workspace\angular-app23\angular-app\src\app\pages\portfolio-home.component.html@115:14[0m [1m[35m[plugin angular-compiler][0m

    src/app/pages/portfolio-home.component.html:329:31:
[37m      329 │                           @if ([32misEditingCell(row.id, 'shares')[37m) {
          ╵                                [32m~~~~~~~~~~~~~~~~~~~~~~~~~~~~~~~[0m

  Error occurs in the template of component PortfolioHomeComponent.

    src/app/pages/portfolio-home.component.ts:33:15:
[37m      33 │   templateUrl: [32m'./portfolio-home.component.html'[37m,
         ╵                [32m~~~~~~~~~~~~~~~~~~~~~~~~~~~~~~~~~[0m


[31mX [41;31m[[41;97mERROR[41;31m][0m [1mNG5002: Parser Error: Conditional expression portfolioTrendHoveredPoint ? portfolioTrendHoveredPoint.profitEuros | number:'1.2-2' : portfolioTrendValueLabel requires all 3 expressions at the end of the expression [ {{ portfolioTrendHoveredPoint ? portfolioTrendHoveredPoint.profitEuros | number:'1.2-2' : portfolioTrendValueLabel }} ] in C:\Users\jorge\OneDrive\workspace\angular-app23\angular-app\src\app\pages\portfolio-home.component.html@115:14[0m [1m[35m[plugin angular-compiler][0m

    src/app/pages/portfolio-home.component.html:333:41:
[37m      333 │ ...                        [ngModel]="[32meditingCell?.draftValue || ''[37m"
          ╵                                       [32m~~~~~~~~~~~~~~~~~~~~~~~~~~~~~[0m

  Error occurs in the template of component PortfolioHomeComponent.

    src/app/pages/portfolio-home.component.ts:33:15:
[37m      33 │   templateUrl: [32m'./portfolio-home.component.html'[37m,
         ╵                [32m~~~~~~~~~~~~~~~~~~~~~~~~~~~~~~~~~[0m


[31mX [41;31m[[41;97mERROR[41;31m][0m [1mNG5002: Parser Error: Conditional expression portfolioTrendHoveredPoint ? portfolioTrendHoveredPoint.profitEuros | number:'1.2-2' : portfolioTrendValueLabel requires all 3 expressions at the end of the expression [ {{ portfolioTrendHoveredPoint ? portfolioTrendHoveredPoint.profitEuros | number:'1.2-2' : portfolioTrendValueLabel }} ] in C:\Users\jorge\OneDrive\workspace\angular-app23\angular-app\src\app\pages\portfolio-home.component.html@115:14[0m [1m[35m[plugin angular-compiler][0m

    src/app/pages/portfolio-home.component.html:334:47:
[37m      334 │ ...                     (ngModelChange)="[32mupdateEditingValue($event)[37m"
          ╵                                          [32m~~~~~~~~~~~~~~~~~~~~~~~~~~[0m

  Error occurs in the template of component PortfolioHomeComponent.

    src/app/pages/portfolio-home.component.ts:33:15:
[37m      33 │   templateUrl: [32m'./portfolio-home.component.html'[37m,
         ╵                [32m~~~~~~~~~~~~~~~~~~~~~~~~~~~~~~~~~[0m


[31mX [41;31m[[41;97mERROR[41;31m][0m [1mNG5002: Parser Error: Conditional expression portfolioTrendHoveredPoint ? portfolioTrendHoveredPoint.profitEuros | number:'1.2-2' : portfolioTrendValueLabel requires all 3 expressions at the end of the expression [ {{ portfolioTrendHoveredPoint ? portfolioTrendHoveredPoint.profitEuros | number:'1.2-2' : portfolioTrendValueLabel }} ] in C:\Users\jorge\OneDrive\workspace\angular-app23\angular-app\src\app\pages\portfolio-home.component.html@115:14[0m [1m[35m[plugin angular-compiler][0m

    src/app/pages/portfolio-home.component.html:335:39:
[37m      335 │                               (click)="[32m$event.stopPropagation()[37m"
          ╵                                        [32m~~~~~~~~~~~~~~~~~~~~~~~~[0m

  Error occurs in the template of component PortfolioHomeComponent.

    src/app/pages/portfolio-home.component.ts:33:15:
[37m      33 │   templateUrl: [32m'./portfolio-home.component.html'[37m,
         ╵                [32m~~~~~~~~~~~~~~~~~~~~~~~~~~~~~~~~~[0m


[31mX [41;31m[[41;97mERROR[41;31m][0m [1mNG5002: Parser Error: Conditional expression portfolioTrendHoveredPoint ? portfolioTrendHoveredPoint.profitEuros | number:'1.2-2' : portfolioTrendValueLabel requires all 3 expressions at the end of the expression [ {{ portfolioTrendHoveredPoint ? portfolioTrendHoveredPoint.profitEuros | number:'1.2-2' : portfolioTrendValueLabel }} ] in C:\Users\jorge\OneDrive\workspace\angular-app23\angular-app\src\app\pages\portfolio-home.component.html@115:14[0m [1m[35m[plugin angular-compiler][0m

    src/app/pages/portfolio-home.component.html:340:39:
[37m      340 │ ...                 (click)="[32msaveEditingCell(row, 'shares', $event)[37m"
          ╵                              [32m~~~~~~~~~~~~~~~~~~~~~~~~~~~~~~~~~~~~~~[0m

  Error occurs in the template of component PortfolioHomeComponent.

    src/app/pages/portfolio-home.component.ts:33:15:
[37m      33 │   templateUrl: [32m'./portfolio-home.component.html'[37m,
         ╵                [32m~~~~~~~~~~~~~~~~~~~~~~~~~~~~~~~~~[0m


[31mX [41;31m[[41;97mERROR[41;31m][0m [1mNG5002: Parser Error: Conditional expression portfolioTrendHoveredPoint ? portfolioTrendHoveredPoint.profitEuros | number:'1.2-2' : portfolioTrendValueLabel requires all 3 expressions at the end of the expression [ {{ portfolioTrendHoveredPoint ? portfolioTrendHoveredPoint.profitEuros | number:'1.2-2' : portfolioTrendValueLabel }} ] in C:\Users\jorge\OneDrive\workspace\angular-app23\angular-app\src\app\pages\portfolio-home.component.html@115:14[0m [1m[35m[plugin angular-compiler][0m

    src/app/pages/portfolio-home.component.html:341:42:
[37m      341 │ ...                      [disabled]="[32misSavingCell(row.id, 'shares')[37m"
          ╵                                      [32m~~~~~~~~~~~~~~~~~~~~~~~~~~~~~~[0m

  Error occurs in the template of component PortfolioHomeComponent.

    src/app/pages/portfolio-home.component.ts:33:15:
[37m      33 │   templateUrl: [32m'./portfolio-home.component.html'[37m,
         ╵                [32m~~~~~~~~~~~~~~~~~~~~~~~~~~~~~~~~~[0m


[31mX [41;31m[[41;97mERROR[41;31m][0m [1mNG5002: Parser Error: Conditional expression portfolioTrendHoveredPoint ? portfolioTrendHoveredPoint.profitEuros | number:'1.2-2' : portfolioTrendValueLabel requires all 3 expressions at the end of the expression [ {{ portfolioTrendHoveredPoint ? portfolioTrendHoveredPoint.profitEuros | number:'1.2-2' : portfolioTrendValueLabel }} ] in C:\Users\jorge\OneDrive\workspace\angular-app23\angular-app\src\app\pages\portfolio-home.component.html@115:14[0m [1m[35m[plugin angular-compiler][0m

    src/app/pages/portfolio-home.component.html:349:34:
[37m      349 │                             <span>[32m{{ row.shares }}[37m</span>
          ╵                                   [32m~~~~~~~~~~~~~~~~[0m

  Error occurs in the template of component PortfolioHomeComponent.

    src/app/pages/portfolio-home.component.ts:33:15:
[37m      33 │   templateUrl: [32m'./portfolio-home.component.html'[37m,
         ╵                [32m~~~~~~~~~~~~~~~~~~~~~~~~~~~~~~~~~[0m


[31mX [41;31m[[41;97mERROR[41;31m][0m [1mNG5002: Parser Error: Conditional expression portfolioTrendHoveredPoint ? portfolioTrendHoveredPoint.profitEuros | number:'1.2-2' : portfolioTrendValueLabel requires all 3 expressions at the end of the expression [ {{ portfolioTrendHoveredPoint ? portfolioTrendHoveredPoint.profitEuros | number:'1.2-2' : portfolioTrendValueLabel }} ] in C:\Users\jorge\OneDrive\workspace\angular-app23\angular-app\src\app\pages\portfolio-home.component.html@115:14[0m [1m[35m[plugin angular-compiler][0m

    src/app/pages/portfolio-home.component.html:350:33:
[37m      350 │ ...             @if ([32msection.title === 'FONDOS' && isFundEditMode[37m) {
          ╵                      [32m~~~~~~~~~~~~~~~~~~~~~~~~~~~~~~~~~~~~~~~~~~~~[0m

  Error occurs in the template of component PortfolioHomeComponent.

    src/app/pages/portfolio-home.component.ts:33:15:
[37m      33 │   templateUrl: [32m'./portfolio-home.component.html'[37m,
         ╵                [32m~~~~~~~~~~~~~~~~~~~~~~~~~~~~~~~~~[0m


[31mX [41;31m[[41;97mERROR[41;31m][0m [1mNG5002: Parser Error: Conditional expression portfolioTrendHoveredPoint ? portfolioTrendHoveredPoint.profitEuros | number:'1.2-2' : portfolioTrendValueLabel requires all 3 expressions at the end of the expression [ {{ portfolioTrendHoveredPoint ? portfolioTrendHoveredPoint.profitEuros | number:'1.2-2' : portfolioTrendValueLabel }} ] in C:\Users\jorge\OneDrive\workspace\angular-app23\angular-app\src\app\pages\portfolio-home.component.html@115:14[0m [1m[35m[plugin angular-compiler][0m

    src/app/pages/portfolio-home.component.html:354:41:
[37m      354 │ ...                (click)="[32mstartEditingCell(row, 'shares', $event)[37m"
          ╵                             [32m~~~~~~~~~~~~~~~~~~~~~~~~~~~~~~~~~~~~~~~[0m

  Error occurs in the template of component PortfolioHomeComponent.

    src/app/pages/portfolio-home.component.ts:33:15:
[37m      33 │   templateUrl: [32m'./portfolio-home.component.html'[37m,
         ╵                [32m~~~~~~~~~~~~~~~~~~~~~~~~~~~~~~~~~[0m


[31mX [41;31m[[41;97mERROR[41;31m][0m [1mNG5002: Parser Error: Conditional expression portfolioTrendHoveredPoint ? portfolioTrendHoveredPoint.profitEuros | number:'1.2-2' : portfolioTrendValueLabel requires all 3 expressions at the end of the expression [ {{ portfolioTrendHoveredPoint ? portfolioTrendHoveredPoint.profitEuros | number:'1.2-2' : portfolioTrendValueLabel }} ] in C:\Users\jorge\OneDrive\workspace\angular-app23\angular-app\src\app\pages\portfolio-home.component.html@115:14[0m [1m[35m[plugin angular-compiler][0m

    src/app/pages/portfolio-home.component.html:368:60:
[37m      368 │ ...   <div class="editable-cell" (click)="[32m$event.stopPropagation()[37m">
          ╵                                           [32m~~~~~~~~~~~~~~~~~~~~~~~~[0m

  Error occurs in the template of component PortfolioHomeComponent.

    src/app/pages/portfolio-home.component.ts:33:15:
[37m      33 │   templateUrl: [32m'./portfolio-home.component.html'[37m,
         ╵                [32m~~~~~~~~~~~~~~~~~~~~~~~~~~~~~~~~~[0m


[31mX [41;31m[[41;97mERROR[41;31m][0m [1mNG5002: Parser Error: Conditional expression portfolioTrendHoveredPoint ? portfolioTrendHoveredPoint.profitEuros | number:'1.2-2' : portfolioTrendValueLabel requires all 3 expressions at the end of the expression [ {{ portfolioTrendHoveredPoint ? portfolioTrendHoveredPoint.profitEuros | number:'1.2-2' : portfolioTrendValueLabel }} ] in C:\Users\jorge\OneDrive\workspace\angular-app23\angular-app\src\app\pages\portfolio-home.component.html@115:14[0m [1m[35m[plugin angular-compiler][0m

    src/app/pages/portfolio-home.component.html:369:31:
[37m      369 │ ...                   @if ([32misEditingCell(row.id, 'totalInvested')[37m) {
          ╵                            [32m~~~~~~~~~~~~~~~~~~~~~~~~~~~~~~~~~~~~~~[0m

  Error occurs in the template of component PortfolioHomeComponent.

    src/app/pages/portfolio-home.component.ts:33:15:
[37m      33 │   templateUrl: [32m'./portfolio-home.component.html'[37m,
         ╵                [32m~~~~~~~~~~~~~~~~~~~~~~~~~~~~~~~~~[0m


[31mX [41;31m[[41;97mERROR[41;31m][0m [1mNG5002: Parser Error: Conditional expression portfolioTrendHoveredPoint ? portfolioTrendHoveredPoint.profitEuros | number:'1.2-2' : portfolioTrendValueLabel requires all 3 expressions at the end of the expression [ {{ portfolioTrendHoveredPoint ? portfolioTrendHoveredPoint.profitEuros | number:'1.2-2' : portfolioTrendValueLabel }} ] in C:\Users\jorge\OneDrive\workspace\angular-app23\angular-app\src\app\pages\portfolio-home.component.html@115:14[0m [1m[35m[plugin angular-compiler][0m

    src/app/pages/portfolio-home.component.html:373:41:
[37m      373 │ ...                        [ngModel]="[32meditingCell?.draftValue || ''[37m"
          ╵                                       [32m~~~~~~~~~~~~~~~~~~~~~~~~~~~~~[0m

  Error occurs in the template of component PortfolioHomeComponent.

    src/app/pages/portfolio-home.component.ts:33:15:
[37m      33 │   templateUrl: [32m'./portfolio-home.component.html'[37m,
         ╵                [32m~~~~~~~~~~~~~~~~~~~~~~~~~~~~~~~~~[0m


[31mX [41;31m[[41;97mERROR[41;31m][0m [1mNG5002: Parser Error: Conditional expression portfolioTrendHoveredPoint ? portfolioTrendHoveredPoint.profitEuros | number:'1.2-2' : portfolioTrendValueLabel requires all 3 expressions at the end of the expression [ {{ portfolioTrendHoveredPoint ? portfolioTrendHoveredPoint.profitEuros | number:'1.2-2' : portfolioTrendValueLabel }} ] in C:\Users\jorge\OneDrive\workspace\angular-app23\angular-app\src\app\pages\portfolio-home.component.html@115:14[0m [1m[35m[plugin angular-compiler][0m

    src/app/pages/portfolio-home.component.html:374:47:
[37m      374 │ ...                     (ngModelChange)="[32mupdateEditingValue($event)[37m"
          ╵                                          [32m~~~~~~~~~~~~~~~~~~~~~~~~~~[0m

  Error occurs in the template of component PortfolioHomeComponent.

    src/app/pages/portfolio-home.component.ts:33:15:
[37m      33 │   templateUrl: [32m'./portfolio-home.component.html'[37m,
         ╵                [32m~~~~~~~~~~~~~~~~~~~~~~~~~~~~~~~~~[0m


[31mX [41;31m[[41;97mERROR[41;31m][0m [1mNG5002: Parser Error: Conditional expression portfolioTrendHoveredPoint ? portfolioTrendHoveredPoint.profitEuros | number:'1.2-2' : portfolioTrendValueLabel requires all 3 expressions at the end of the expression [ {{ portfolioTrendHoveredPoint ? portfolioTrendHoveredPoint.profitEuros | number:'1.2-2' : portfolioTrendValueLabel }} ] in C:\Users\jorge\OneDrive\workspace\angular-app23\angular-app\src\app\pages\portfolio-home.component.html@115:14[0m [1m[35m[plugin angular-compiler][0m

    src/app/pages/portfolio-home.component.html:375:39:
[37m      375 │                               (click)="[32m$event.stopPropagation()[37m"
          ╵                                        [32m~~~~~~~~~~~~~~~~~~~~~~~~[0m

  Error occurs in the template of component PortfolioHomeComponent.

    src/app/pages/portfolio-home.component.ts:33:15:
[37m      33 │   templateUrl: [32m'./portfolio-home.component.html'[37m,
         ╵                [32m~~~~~~~~~~~~~~~~~~~~~~~~~~~~~~~~~[0m


[31mX [41;31m[[41;97mERROR[41;31m][0m [1mNG5002: Parser Error: Conditional expression portfolioTrendHoveredPoint ? portfolioTrendHoveredPoint.profitEuros | number:'1.2-2' : portfolioTrendValueLabel requires all 3 expressions at the end of the expression [ {{ portfolioTrendHoveredPoint ? portfolioTrendHoveredPoint.profitEuros | number:'1.2-2' : portfolioTrendValueLabel }} ] in C:\Users\jorge\OneDrive\workspace\angular-app23\angular-app\src\app\pages\portfolio-home.component.html@115:14[0m [1m[35m[plugin angular-compiler][0m

    src/app/pages/portfolio-home.component.html:380:39:
[37m      380 │ ...          (click)="[32msaveEditingCell(row, 'totalInvested', $event)[37m"
          ╵                       [32m~~~~~~~~~~~~~~~~~~~~~~~~~~~~~~~~~~~~~~~~~~~~~[0m

  Error occurs in the template of component PortfolioHomeComponent.

    src/app/pages/portfolio-home.component.ts:33:15:
[37m      33 │   templateUrl: [32m'./portfolio-home.component.html'[37m,
         ╵                [32m~~~~~~~~~~~~~~~~~~~~~~~~~~~~~~~~~[0m


[31mX [41;31m[[41;97mERROR[41;31m][0m [1mNG5002: Parser Error: Conditional expression portfolioTrendHoveredPoint ? portfolioTrendHoveredPoint.profitEuros | number:'1.2-2' : portfolioTrendValueLabel requires all 3 expressions at the end of the expression [ {{ portfolioTrendHoveredPoint ? portfolioTrendHoveredPoint.profitEuros | number:'1.2-2' : portfolioTrendValueLabel }} ] in C:\Users\jorge\OneDrive\workspace\angular-app23\angular-app\src\app\pages\portfolio-home.component.html@115:14[0m [1m[35m[plugin angular-compiler][0m

    src/app/pages/portfolio-home.component.html:381:42:
[37m      381 │ ...               [disabled]="[32misSavingCell(row.id, 'totalInvested')[37m"
          ╵                               [32m~~~~~~~~~~~~~~~~~~~~~~~~~~~~~~~~~~~~~[0m

  Error occurs in the template of component PortfolioHomeComponent.

    src/app/pages/portfolio-home.component.ts:33:15:
[37m      33 │   templateUrl: [32m'./portfolio-home.component.html'[37m,
         ╵                [32m~~~~~~~~~~~~~~~~~~~~~~~~~~~~~~~~~[0m


[31mX [41;31m[[41;97mERROR[41;31m][0m [1mNG5002: Parser Error: Conditional expression portfolioTrendHoveredPoint ? portfolioTrendHoveredPoint.profitEuros | number:'1.2-2' : portfolioTrendValueLabel requires all 3 expressions at the end of the expression [ {{ portfolioTrendHoveredPoint ? portfolioTrendHoveredPoint.profitEuros | number:'1.2-2' : portfolioTrendValueLabel }} ] in C:\Users\jorge\OneDrive\workspace\angular-app23\angular-app\src\app\pages\portfolio-home.component.html@115:14[0m [1m[35m[plugin angular-compiler][0m

    src/app/pages/portfolio-home.component.html:389:34:
[37m      389 │                             <span>[32m{{ row.totalInvested }}[37m</span>
          ╵                                   [32m~~~~~~~~~~~~~~~~~~~~~~~[0m

  Error occurs in the template of component PortfolioHomeComponent.

    src/app/pages/portfolio-home.component.ts:33:15:
[37m      33 │   templateUrl: [32m'./portfolio-home.component.html'[37m,
         ╵                [32m~~~~~~~~~~~~~~~~~~~~~~~~~~~~~~~~~[0m


[31mX [41;31m[[41;97mERROR[41;31m][0m [1mNG5002: Parser Error: Conditional expression portfolioTrendHoveredPoint ? portfolioTrendHoveredPoint.profitEuros | number:'1.2-2' : portfolioTrendValueLabel requires all 3 expressions at the end of the expression [ {{ portfolioTrendHoveredPoint ? portfolioTrendHoveredPoint.profitEuros | number:'1.2-2' : portfolioTrendValueLabel }} ] in C:\Users\jorge\OneDrive\workspace\angular-app23\angular-app\src\app\pages\portfolio-home.component.html@115:14[0m [1m[35m[plugin angular-compiler][0m

    src/app/pages/portfolio-home.component.html:390:33:
[37m      390 │ ...             @if ([32msection.title === 'FONDOS' && isFundEditMode[37m) {
          ╵                      [32m~~~~~~~~~~~~~~~~~~~~~~~~~~~~~~~~~~~~~~~~~~~~[0m

  Error occurs in the template of component PortfolioHomeComponent.

    src/app/pages/portfolio-home.component.ts:33:15:
[37m      33 │   templateUrl: [32m'./portfolio-home.component.html'[37m,
         ╵                [32m~~~~~~~~~~~~~~~~~~~~~~~~~~~~~~~~~[0m


[31mX [41;31m[[41;97mERROR[41;31m][0m [1mNG5002: Parser Error: Conditional expression portfolioTrendHoveredPoint ? portfolioTrendHoveredPoint.profitEuros | number:'1.2-2' : portfolioTrendValueLabel requires all 3 expressions at the end of the expression [ {{ portfolioTrendHoveredPoint ? portfolioTrendHoveredPoint.profitEuros | number:'1.2-2' : portfolioTrendValueLabel }} ] in C:\Users\jorge\OneDrive\workspace\angular-app23\angular-app\src\app\pages\portfolio-home.component.html@115:14[0m [1m[35m[plugin angular-compiler][0m

    src/app/pages/portfolio-home.component.html:394:41:
[37m      394 │ ...         (click)="[32mstartEditingCell(row, 'totalInvested', $event)[37m"
          ╵                      [32m~~~~~~~~~~~~~~~~~~~~~~~~~~~~~~~~~~~~~~~~~~~~~~[0m

  Error occurs in the template of component PortfolioHomeComponent.

    src/app/pages/portfolio-home.component.ts:33:15:
[37m      33 │   templateUrl: [32m'./portfolio-home.component.html'[37m,
         ╵                [32m~~~~~~~~~~~~~~~~~~~~~~~~~~~~~~~~~[0m


[31mX [41;31m[[41;97mERROR[41;31m][0m [1mNG5002: Parser Error: Conditional expression portfolioTrendHoveredPoint ? portfolioTrendHoveredPoint.profitEuros | number:'1.2-2' : portfolioTrendValueLabel requires all 3 expressions at the end of the expression [ {{ portfolioTrendHoveredPoint ? portfolioTrendHoveredPoint.profitEuros | number:'1.2-2' : portfolioTrendValueLabel }} ] in C:\Users\jorge\OneDrive\workspace\angular-app23\angular-app\src\app\pages\portfolio-home.component.html@115:14[0m [1m[35m[plugin angular-compiler][0m

    src/app/pages/portfolio-home.component.html:406:48:
[37m      406 │ ...an class="cell-meta">[32mPeso: {{ row.investedWeight || '-' }}[37m</span>
          ╵                         [32m~~~~~~~~~~~~~~~~~~~~~~~~~~~~~~~~~~~~~[0m

  Error occurs in the template of component PortfolioHomeComponent.

    src/app/pages/portfolio-home.component.ts:33:15:
[37m      33 │   templateUrl: [32m'./portfolio-home.component.html'[37m,
         ╵                [32m~~~~~~~~~~~~~~~~~~~~~~~~~~~~~~~~~[0m


[31mX [41;31m[[41;97mERROR[41;31m][0m [1mNG5002: Parser Error: Conditional expression portfolioTrendHoveredPoint ? portfolioTrendHoveredPoint.profitEuros | number:'1.2-2' : portfolioTrendValueLabel requires all 3 expressions at the end of the expression [ {{ portfolioTrendHoveredPoint ? portfolioTrendHoveredPoint.profitEuros | number:'1.2-2' : portfolioTrendValueLabel }} ] in C:\Users\jorge\OneDrive\workspace\angular-app23\angular-app\src\app\pages\portfolio-home.component.html@115:14[0m [1m[35m[plugin angular-compiler][0m

    src/app/pages/portfolio-home.component.html:409:32:
[37m      409 │                         <strong>[32m{{ row.unitValue }}[37m</strong>
          ╵                                 [32m~~~~~~~~~~~~~~~~~~~[0m

  Error occurs in the template of component PortfolioHomeComponent.

    src/app/pages/portfolio-home.component.ts:33:15:
[37m      33 │   templateUrl: [32m'./portfolio-home.component.html'[37m,
         ╵                [32m~~~~~~~~~~~~~~~~~~~~~~~~~~~~~~~~~[0m


[31mX [41;31m[[41;97mERROR[41;31m][0m [1mNG5002: Parser Error: Conditional expression portfolioTrendHoveredPoint ? portfolioTrendHoveredPoint.profitEuros | number:'1.2-2' : portfolioTrendValueLabel requires all 3 expressions at the end of the expression [ {{ portfolioTrendHoveredPoint ? portfolioTrendHoveredPoint.profitEuros | number:'1.2-2' : portfolioTrendValueLabel }} ] in C:\Users\jorge\OneDrive\workspace\angular-app23\angular-app\src\app\pages\portfolio-home.component.html@115:14[0m [1m[35m[plugin angular-compiler][0m

    src/app/pages/portfolio-home.component.html:410:48:
[37m      410 │ ...              <span class="cell-meta">[32m{{ row.marketDate }}[37m</span>
          ╵                                          [32m~~~~~~~~~~~~~~~~~~~~[0m

  Error occurs in the template of component PortfolioHomeComponent.

    src/app/pages/portfolio-home.component.ts:33:15:
[37m      33 │   templateUrl: [32m'./portfolio-home.component.html'[37m,
         ╵                [32m~~~~~~~~~~~~~~~~~~~~~~~~~~~~~~~~~[0m


[31mX [41;31m[[41;97mERROR[41;31m][0m [1mNG5002: Parser Error: Conditional expression portfolioTrendHoveredPoint ? portfolioTrendHoveredPoint.profitEuros | number:'1.2-2' : portfolioTrendValueLabel requires all 3 expressions at the end of the expression [ {{ portfolioTrendHoveredPoint ? portfolioTrendHoveredPoint.profitEuros | number:'1.2-2' : portfolioTrendValueLabel }} ] in C:\Users\jorge\OneDrive\workspace\angular-app23\angular-app\src\app\pages\portfolio-home.component.html@115:14[0m [1m[35m[plugin angular-compiler][0m

    src/app/pages/portfolio-home.component.html:413:32:
[37m      413 │                         <strong>[32m{{ row.totalValuation }}[37m</strong>
          ╵                                 [32m~~~~~~~~~~~~~~~~~~~~~~~~[0m

  Error occurs in the template of component PortfolioHomeComponent.

    src/app/pages/portfolio-home.component.ts:33:15:
[37m      33 │   templateUrl: [32m'./portfolio-home.component.html'[37m,
         ╵                [32m~~~~~~~~~~~~~~~~~~~~~~~~~~~~~~~~~[0m


[31mX [41;31m[[41;97mERROR[41;31m][0m [1mNG5002: Parser Error: Conditional expression portfolioTrendHoveredPoint ? portfolioTrendHoveredPoint.profitEuros | number:'1.2-2' : portfolioTrendValueLabel requires all 3 expressions at the end of the expression [ {{ portfolioTrendHoveredPoint ? portfolioTrendHoveredPoint.profitEuros | number:'1.2-2' : portfolioTrendValueLabel }} ] in C:\Users\jorge\OneDrive\workspace\angular-app23\angular-app\src\app\pages\portfolio-home.component.html@115:14[0m [1m[35m[plugin angular-compiler][0m

    src/app/pages/portfolio-home.component.html:414:48:
[37m      414 │ ...n class="cell-meta">[32mPeso: {{ row.valuationWeight || '-' }}[37m</span>
          ╵                        [32m~~~~~~~~~~~~~~~~~~~~~~~~~~~~~~~~~~~~~~[0m

  Error occurs in the template of component PortfolioHomeComponent.

    src/app/pages/portfolio-home.component.ts:33:15:
[37m      33 │   templateUrl: [32m'./portfolio-home.component.html'[37m,
         ╵                [32m~~~~~~~~~~~~~~~~~~~~~~~~~~~~~~~~~[0m


[31mX [41;31m[[41;97mERROR[41;31m][0m [1mNG5002: Parser Error: Conditional expression portfolioTrendHoveredPoint ? portfolioTrendHoveredPoint.profitEuros | number:'1.2-2' : portfolioTrendValueLabel requires all 3 expressions at the end of the expression [ {{ portfolioTrendHoveredPoint ? portfolioTrendHoveredPoint.profitEuros | number:'1.2-2' : portfolioTrendValueLabel }} ] in C:\Users\jorge\OneDrive\workspace\angular-app23\angular-app\src\app\pages\portfolio-home.component.html@115:14[0m [1m[35m[plugin angular-compiler][0m

    src/app/pages/portfolio-home.component.html:419:54:
[37m      419 │ ... [class.negative]="[32mrow.profitEurosValue < 0[37m" [class.positive]=...
          ╵                       [32m~~~~~~~~~~~~~~~~~~~~~~~~[0m

  Error occurs in the template of component PortfolioHomeComponent.

    src/app/pages/portfolio-home.component.ts:33:15:
[37m      33 │   templateUrl: [32m'./portfolio-home.component.html'[37m,
         ╵                [32m~~~~~~~~~~~~~~~~~~~~~~~~~~~~~~~~~[0m


[31mX [41;31m[[41;97mERROR[41;31m][0m [1mNG5002: Parser Error: Conditional expression portfolioTrendHoveredPoint ? portfolioTrendHoveredPoint.profitEuros | number:'1.2-2' : portfolioTrendValueLabel requires all 3 expressions at the end of the expression [ {{ portfolioTrendHoveredPoint ? portfolioTrendHoveredPoint.profitEuros | number:'1.2-2' : portfolioTrendValueLabel }} ] in C:\Users\jorge\OneDrive\workspace\angular-app23\angular-app\src\app\pages\portfolio-home.component.html@115:14[0m [1m[35m[plugin angular-compiler][0m

    src/app/pages/portfolio-home.component.html:419:98:
[37m      419 │ ...rofitEurosValue < 0" [class.positive]="[32mrow.profitEurosValue > 0[37m">
          ╵                                           [32m~~~~~~~~~~~~~~~~~~~~~~~~[0m

  Error occurs in the template of component PortfolioHomeComponent.

    src/app/pages/portfolio-home.component.ts:33:15:
[37m      33 │   templateUrl: [32m'./portfolio-home.component.html'[37m,
         ╵                [32m~~~~~~~~~~~~~~~~~~~~~~~~~~~~~~~~~[0m


[31mX [41;31m[[41;97mERROR[41;31m][0m [1mNG5002: Parser Error: Conditional expression portfolioTrendHoveredPoint ? portfolioTrendHoveredPoint.profitEuros | number:'1.2-2' : portfolioTrendValueLabel requires all 3 expressions at the end of the expression [ {{ portfolioTrendHoveredPoint ? portfolioTrendHoveredPoint.profitEuros | number:'1.2-2' : portfolioTrendValueLabel }} ] in C:\Users\jorge\OneDrive\workspace\angular-app23\angular-app\src\app\pages\portfolio-home.component.html@115:14[0m [1m[35m[plugin angular-compiler][0m

    src/app/pages/portfolio-home.component.html:420:30:
[37m      420 │                               [32m{{ row.profitEuros }}[37m
          ╵                               [32m~~~~~~~~~~~~~~~~~~~~~[0m

  Error occurs in the template of component PortfolioHomeComponent.

    src/app/pages/portfolio-home.component.ts:33:15:
[37m      33 │   templateUrl: [32m'./portfolio-home.component.html'[37m,
         ╵                [32m~~~~~~~~~~~~~~~~~~~~~~~~~~~~~~~~~[0m


[31mX [41;31m[[41;97mERROR[41;31m][0m [1mNG5002: Parser Error: Conditional expression portfolioTrendHoveredPoint ? portfolioTrendHoveredPoint.profitEuros | number:'1.2-2' : portfolioTrendValueLabel requires all 3 expressions at the end of the expression [ {{ portfolioTrendHoveredPoint ? portfolioTrendHoveredPoint.profitEuros | number:'1.2-2' : portfolioTrendValueLabel }} ] in C:\Users\jorge\OneDrive\workspace\angular-app23\angular-app\src\app\pages\portfolio-home.component.html@115:14[0m [1m[35m[plugin angular-compiler][0m

    src/app/pages/portfolio-home.component.html:422:52:
[37m      422 │ ... [class.negative]="[32mrow.totalReturnValue < 0[37m" [class.positive]=...
          ╵                       [32m~~~~~~~~~~~~~~~~~~~~~~~~[0m

  Error occurs in the template of component PortfolioHomeComponent.

    src/app/pages/portfolio-home.component.ts:33:15:
[37m      33 │   templateUrl: [32m'./portfolio-home.component.html'[37m,
         ╵                [32m~~~~~~~~~~~~~~~~~~~~~~~~~~~~~~~~~[0m


[31mX [41;31m[[41;97mERROR[41;31m][0m [1mNG5002: Parser Error: Conditional expression portfolioTrendHoveredPoint ? portfolioTrendHoveredPoint.profitEuros | number:'1.2-2' : portfolioTrendValueLabel requires all 3 expressions at the end of the expression [ {{ portfolioTrendHoveredPoint ? portfolioTrendHoveredPoint.profitEuros | number:'1.2-2' : portfolioTrendValueLabel }} ] in C:\Users\jorge\OneDrive\workspace\angular-app23\angular-app\src\app\pages\portfolio-home.component.html@115:14[0m [1m[35m[plugin angular-compiler][0m

    src/app/pages/portfolio-home.component.html:422:96:
[37m      422 │ ...otalReturnValue < 0" [class.positive]="[32mrow.totalReturnValue > 0[37m">
          ╵                                           [32m~~~~~~~~~~~~~~~~~~~~~~~~[0m

  Error occurs in the template of component PortfolioHomeComponent.

    src/app/pages/portfolio-home.component.ts:33:15:
[37m      33 │   templateUrl: [32m'./portfolio-home.component.html'[37m,
         ╵                [32m~~~~~~~~~~~~~~~~~~~~~~~~~~~~~~~~~[0m


[31mX [41;31m[[41;97mERROR[41;31m][0m [1mNG5002: Parser Error: Conditional expression portfolioTrendHoveredPoint ? portfolioTrendHoveredPoint.profitEuros | number:'1.2-2' : portfolioTrendValueLabel requires all 3 expressions at the end of the expression [ {{ portfolioTrendHoveredPoint ? portfolioTrendHoveredPoint.profitEuros | number:'1.2-2' : portfolioTrendValueLabel }} ] in C:\Users\jorge\OneDrive\workspace\angular-app23\angular-app\src\app\pages\portfolio-home.component.html@115:14[0m [1m[35m[plugin angular-compiler][0m

    src/app/pages/portfolio-home.component.html:423:30:
[37m      423 │                               [32m{{ row.totalReturn }}[37m
          ╵                               [32m~~~~~~~~~~~~~~~~~~~~~[0m

  Error occurs in the template of component PortfolioHomeComponent.

    src/app/pages/portfolio-home.component.ts:33:15:
[37m      33 │   templateUrl: [32m'./portfolio-home.component.html'[37m,
         ╵                [32m~~~~~~~~~~~~~~~~~~~~~~~~~~~~~~~~~[0m


[31mX [41;31m[[41;97mERROR[41;31m][0m [1mNG5002: Parser Error: Conditional expression portfolioTrendHoveredPoint ? portfolioTrendHoveredPoint.profitEuros | number:'1.2-2' : portfolioTrendValueLabel requires all 3 expressions at the end of the expression [ {{ portfolioTrendHoveredPoint ? portfolioTrendHoveredPoint.profitEuros | number:'1.2-2' : portfolioTrendValueLabel }} ] in C:\Users\jorge\OneDrive\workspace\angular-app23\angular-app\src\app\pages\portfolio-home.component.html@115:14[0m [1m[35m[plugin angular-compiler][0m

    src/app/pages/portfolio-home.component.html:427:31:
[37m      427 │ ...             @if ([32msection.title === 'FONDOS' && isFundEditMode[37m) {
          ╵                      [32m~~~~~~~~~~~~~~~~~~~~~~~~~~~~~~~~~~~~~~~~~~~~[0m

  Error occurs in the template of component PortfolioHomeComponent.

    src/app/pages/portfolio-home.component.ts:33:15:
[37m      33 │   templateUrl: [32m'./portfolio-home.component.html'[37m,
         ╵                [32m~~~~~~~~~~~~~~~~~~~~~~~~~~~~~~~~~[0m


[31mX [41;31m[[41;97mERROR[41;31m][0m [1mNG5002: Parser Error: Conditional expression portfolioTrendHoveredPoint ? portfolioTrendHoveredPoint.profitEuros | number:'1.2-2' : portfolioTrendValueLabel requires all 3 expressions at the end of the expression [ {{ portfolioTrendHoveredPoint ? portfolioTrendHoveredPoint.profitEuros | number:'1.2-2' : portfolioTrendValueLabel }} ] in C:\Users\jorge\OneDrive\workspace\angular-app23\angular-app\src\app\pages\portfolio-home.component.html@115:14[0m [1m[35m[plugin angular-compiler][0m

    src/app/pages/portfolio-home.component.html:431:39:
[37m      431 │ ...                       (click)="[32mopenDeleteFundModal(row, $event)[37m"
          ╵                                    [32m~~~~~~~~~~~~~~~~~~~~~~~~~~~~~~~~[0m

  Error occurs in the template of component PortfolioHomeComponent.

    src/app/pages/portfolio-home.component.ts:33:15:
[37m      33 │   templateUrl: [32m'./portfolio-home.component.html'[37m,
         ╵                [32m~~~~~~~~~~~~~~~~~~~~~~~~~~~~~~~~~[0m


[31mX [41;31m[[41;97mERROR[41;31m][0m [1mNG5002: Parser Error: Conditional expression portfolioTrendHoveredPoint ? portfolioTrendHoveredPoint.profitEuros | number:'1.2-2' : portfolioTrendValueLabel requires all 3 expressions at the end of the expression [ {{ portfolioTrendHoveredPoint ? portfolioTrendHoveredPoint.profitEuros | number:'1.2-2' : portfolioTrendValueLabel }} ] in C:\Users\jorge\OneDrive\workspace\angular-app23\angular-app\src\app\pages\portfolio-home.component.html@115:14[0m [1m[35m[plugin angular-compiler][0m

    src/app/pages/portfolio-home.component.html:462:18:
[37m      462 │             @for ([32mitem of summaryByType[37m; track item.label) {
          ╵                   [32m~~~~~~~~~~~~~~~~~~~~~[0m

  Error occurs in the template of component PortfolioHomeComponent.

    src/app/pages/portfolio-home.component.ts:33:15:
[37m      33 │   templateUrl: [32m'./portfolio-home.component.html'[37m,
         ╵                [32m~~~~~~~~~~~~~~~~~~~~~~~~~~~~~~~~~[0m


[31mX [41;31m[[41;97mERROR[41;31m][0m [1mNG5002: Parser Error: Conditional expression portfolioTrendHoveredPoint ? portfolioTrendHoveredPoint.profitEuros | number:'1.2-2' : portfolioTrendValueLabel requires all 3 expressions at the end of the expression [ {{ portfolioTrendHoveredPoint ? portfolioTrendHoveredPoint.profitEuros | number:'1.2-2' : portfolioTrendValueLabel }} ] in C:\Users\jorge\OneDrive\workspace\angular-app23\angular-app\src\app\pages\portfolio-home.component.html@115:14[0m [1m[35m[plugin angular-compiler][0m

    src/app/pages/portfolio-home.component.html:462:41:
[37m      462 │             @for (item of summaryByType; [32mtrack item.label[37m) {
          ╵                                          [32m~~~~~~~~~~~~~~~~[0m

  Error occurs in the template of component PortfolioHomeComponent.

    src/app/pages/portfolio-home.component.ts:33:15:
[37m      33 │   templateUrl: [32m'./portfolio-home.component.html'[37m,
         ╵                [32m~~~~~~~~~~~~~~~~~~~~~~~~~~~~~~~~~[0m


[31mX [41;31m[[41;97mERROR[41;31m][0m [1mNG5002: Parser Error: Conditional expression portfolioTrendHoveredPoint ? portfolioTrendHoveredPoint.profitEuros | number:'1.2-2' : portfolioTrendValueLabel requires all 3 expressions at the end of the expression [ {{ portfolioTrendHoveredPoint ? portfolioTrendHoveredPoint.profitEuros | number:'1.2-2' : portfolioTrendValueLabel }} ] in C:\Users\jorge\OneDrive\workspace\angular-app23\angular-app\src\app\pages\portfolio-home.component.html@115:14[0m [1m[35m[plugin angular-compiler][0m

    src/app/pages/portfolio-home.component.html:465:26:
[37m      465 │                   <strong>[32m{{ item.label }}[37m</strong>
          ╵                           [32m~~~~~~~~~~~~~~~~[0m

  Error occurs in the template of component PortfolioHomeComponent.

    src/app/pages/portfolio-home.component.ts:33:15:
[37m      33 │   templateUrl: [32m'./portfolio-home.component.html'[37m,
         ╵                [32m~~~~~~~~~~~~~~~~~~~~~~~~~~~~~~~~~[0m


[31mX [41;31m[[41;97mERROR[41;31m][0m [1mNG5002: Parser Error: Conditional expression portfolioTrendHoveredPoint ? portfolioTrendHoveredPoint.profitEuros | number:'1.2-2' : portfolioTrendValueLabel requires all 3 expressions at the end of the expression [ {{ portfolioTrendHoveredPoint ? portfolioTrendHoveredPoint.profitEuros | number:'1.2-2' : portfolioTrendValueLabel }} ] in C:\Users\jorge\OneDrive\workspace\angular-app23\angular-app\src\app\pages\portfolio-home.component.html@115:14[0m [1m[35m[plugin angular-compiler][0m

    src/app/pages/portfolio-home.component.html:466:24:
[37m      466 │ ...    <span>[32m{{ item.formattedValue }} &middot; {{ formatPercenta[37m...
          ╵              [32m~~~~~~~~~~~~~~~~~~~~~~~~~~~~~~~~~~~~~~~~~~~~~~~~~~~~[0m

  Error occurs in the template of component PortfolioHomeComponent.

    src/app/pages/portfolio-home.component.ts:33:15:
[37m      33 │   templateUrl: [32m'./portfolio-home.component.html'[37m,
         ╵                [32m~~~~~~~~~~~~~~~~~~~~~~~~~~~~~~~~~[0m


[31mX [41;31m[[41;97mERROR[41;31m][0m [1mNG5002: Parser Error: Conditional expression portfolioTrendHoveredPoint ? portfolioTrendHoveredPoint.profitEuros | number:'1.2-2' : portfolioTrendValueLabel requires all 3 expressions at the end of the expression [ {{ portfolioTrendHoveredPoint ? portfolioTrendHoveredPoint.profitEuros | number:'1.2-2' : portfolioTrendValueLabel }} ] in C:\Users\jorge\OneDrive\workspace\angular-app23\angular-app\src\app\pages\portfolio-home.component.html@115:14[0m [1m[35m[plugin angular-compiler][0m

    src/app/pages/portfolio-home.component.html:469:55:
[37m      469 │ ...   <div class="bar-fill" [style.width]="[32mgetBarWidth(item)[37m"></div>
          ╵                                            [32m~~~~~~~~~~~~~~~~~[0m

  Error occurs in the template of component PortfolioHomeComponent.

    src/app/pages/portfolio-home.component.ts:33:15:
[37m      33 │   templateUrl: [32m'./portfolio-home.component.html'[37m,
         ╵                [32m~~~~~~~~~~~~~~~~~~~~~~~~~~~~~~~~~[0m


[31mX [41;31m[[41;97mERROR[41;31m][0m [1mNG5002: Parser Error: Conditional expression portfolioTrendHoveredPoint ? portfolioTrendHoveredPoint.profitEuros | number:'1.2-2' : portfolioTrendValueLabel requires all 3 expressions at the end of the expression [ {{ portfolioTrendHoveredPoint ? portfolioTrendHoveredPoint.profitEuros | number:'1.2-2' : portfolioTrendValueLabel }} ] in C:\Users\jorge\OneDrive\workspace\angular-app23\angular-app\src\app\pages\portfolio-home.component.html@115:14[0m [1m[35m[plugin angular-compiler][0m

    src/app/pages/portfolio-home.component.html:483:18:
[37m      483 │             @for ([32mitem of summaryByAsset[37m; track item.label + item...
          ╵                   [32m~~~~~~~~~~~~~~~~~~~~~~[0m

  Error occurs in the template of component PortfolioHomeComponent.

    src/app/pages/portfolio-home.component.ts:33:15:
[37m      33 │   templateUrl: [32m'./portfolio-home.component.html'[37m,
         ╵                [32m~~~~~~~~~~~~~~~~~~~~~~~~~~~~~~~~~[0m


[31mX [41;31m[[41;97mERROR[41;31m][0m [1mNG5002: Parser Error: Conditional expression portfolioTrendHoveredPoint ? portfolioTrendHoveredPoint.profitEuros | number:'1.2-2' : portfolioTrendValueLabel requires all 3 expressions at the end of the expression [ {{ portfolioTrendHoveredPoint ? portfolioTrendHoveredPoint.profitEuros | number:'1.2-2' : portfolioTrendValueLabel }} ] in C:\Users\jorge\OneDrive\workspace\angular-app23\angular-app\src\app\pages\portfolio-home.component.html@115:14[0m [1m[35m[plugin angular-compiler][0m

    src/app/pages/portfolio-home.component.html:483:42:
[37m      483 │ ...item of summaryByAsset; [32mtrack item.label + item.formattedValue[37m) {
          ╵                            [32m~~~~~~~~~~~~~~~~~~~~~~~~~~~~~~~~~~~~~~[0m

  Error occurs in the template of component PortfolioHomeComponent.

    src/app/pages/portfolio-home.component.ts:33:15:
[37m      33 │   templateUrl: [32m'./portfolio-home.component.html'[37m,
         ╵                [32m~~~~~~~~~~~~~~~~~~~~~~~~~~~~~~~~~[0m


[31mX [41;31m[[41;97mERROR[41;31m][0m [1mNG5002: Parser Error: Conditional expression portfolioTrendHoveredPoint ? portfolioTrendHoveredPoint.profitEuros | number:'1.2-2' : portfolioTrendValueLabel requires all 3 expressions at the end of the expression [ {{ portfolioTrendHoveredPoint ? portfolioTrendHoveredPoint.profitEuros | number:'1.2-2' : portfolioTrendValueLabel }} ] in C:\Users\jorge\OneDrive\workspace\angular-app23\angular-app\src\app\pages\portfolio-home.component.html@115:14[0m [1m[35m[plugin angular-compiler][0m

    src/app/pages/portfolio-home.component.html:486:26:
[37m      486 │                   <strong>[32m{{ item.label }}[37m</strong>
          ╵                           [32m~~~~~~~~~~~~~~~~[0m

  Error occurs in the template of component PortfolioHomeComponent.

    src/app/pages/portfolio-home.component.ts:33:15:
[37m      33 │   templateUrl: [32m'./portfolio-home.component.html'[37m,
         ╵                [32m~~~~~~~~~~~~~~~~~~~~~~~~~~~~~~~~~[0m


[31mX [41;31m[[41;97mERROR[41;31m][0m [1mNG5002: Parser Error: Conditional expression portfolioTrendHoveredPoint ? portfolioTrendHoveredPoint.profitEuros | number:'1.2-2' : portfolioTrendValueLabel requires all 3 expressions at the end of the expression [ {{ portfolioTrendHoveredPoint ? portfolioTrendHoveredPoint.profitEuros | number:'1.2-2' : portfolioTrendValueLabel }} ] in C:\Users\jorge\OneDrive\workspace\angular-app23\angular-app\src\app\pages\portfolio-home.component.html@115:14[0m [1m[35m[plugin angular-compiler][0m

    src/app/pages/portfolio-home.component.html:487:24:
[37m      487 │ ...    <span>[32m{{ item.formattedValue }} &middot; {{ formatPercenta[37m...
          ╵              [32m~~~~~~~~~~~~~~~~~~~~~~~~~~~~~~~~~~~~~~~~~~~~~~~~~~~~[0m

  Error occurs in the template of component PortfolioHomeComponent.

    src/app/pages/portfolio-home.component.ts:33:15:
[37m      33 │   templateUrl: [32m'./portfolio-home.component.html'[37m,
         ╵                [32m~~~~~~~~~~~~~~~~~~~~~~~~~~~~~~~~~[0m


[31mX [41;31m[[41;97mERROR[41;31m][0m [1mNG5002: Parser Error: Conditional expression portfolioTrendHoveredPoint ? portfolioTrendHoveredPoint.profitEuros | number:'1.2-2' : portfolioTrendValueLabel requires all 3 expressions at the end of the expression [ {{ portfolioTrendHoveredPoint ? portfolioTrendHoveredPoint.profitEuros | number:'1.2-2' : portfolioTrendValueLabel }} ] in C:\Users\jorge\OneDrive\workspace\angular-app23\angular-app\src\app\pages\portfolio-home.component.html@115:14[0m [1m[35m[plugin angular-compiler][0m

    src/app/pages/portfolio-home.component.html:490:70:
[37m      490 │ ...bar-fill bar-fill--warm" [style.width]="[32mgetBarWidth(item)[37m"></div>
          ╵                                            [32m~~~~~~~~~~~~~~~~~[0m

  Error occurs in the template of component PortfolioHomeComponent.

    src/app/pages/portfolio-home.component.ts:33:15:
[37m      33 │   templateUrl: [32m'./portfolio-home.component.html'[37m,
         ╵                [32m~~~~~~~~~~~~~~~~~~~~~~~~~~~~~~~~~[0m


[31mX [41;31m[[41;97mERROR[41;31m][0m [1mNG5002: Parser Error: Conditional expression portfolioTrendHoveredPoint ? portfolioTrendHoveredPoint.profitEuros | number:'1.2-2' : portfolioTrendValueLabel requires all 3 expressions at the end of the expression [ {{ portfolioTrendHoveredPoint ? portfolioTrendHoveredPoint.profitEuros | number:'1.2-2' : portfolioTrendValueLabel }} ] in C:\Users\jorge\OneDrive\workspace\angular-app23\angular-app\src\app\pages\portfolio-home.component.html@115:14[0m [1m[35m[plugin angular-compiler][0m

    src/app/pages/portfolio-home.component.html:501:5:
[37m      501 │ @if ([32misAddFundModalOpen[37m) {
          ╵      [32m~~~~~~~~~~~~~~~~~~[0m

  Error occurs in the template of component PortfolioHomeComponent.

    src/app/pages/portfolio-home.component.ts:33:15:
[37m      33 │   templateUrl: [32m'./portfolio-home.component.html'[37m,
         ╵                [32m~~~~~~~~~~~~~~~~~~~~~~~~~~~~~~~~~[0m


[31mX [41;31m[[41;97mERROR[41;31m][0m [1mNG5002: Parser Error: Conditional expression portfolioTrendHoveredPoint ? portfolioTrendHoveredPoint.profitEuros | number:'1.2-2' : portfolioTrendValueLabel requires all 3 expressions at the end of the expression [ {{ portfolioTrendHoveredPoint ? portfolioTrendHoveredPoint.profitEuros | number:'1.2-2' : portfolioTrendValueLabel }} ] in C:\Users\jorge\OneDrive\workspace\angular-app23\angular-app\src\app\pages\portfolio-home.component.html@115:14[0m [1m[35m[plugin angular-compiler][0m

    src/app/pages/portfolio-home.component.html:502:39:
[37m      502 │   <div class="modal-backdrop" (click)="[32mcloseAddFundModal()[37m">
          ╵                                        [32m~~~~~~~~~~~~~~~~~~~[0m

  Error occurs in the template of component PortfolioHomeComponent.

    src/app/pages/portfolio-home.component.ts:33:15:
[37m      33 │   templateUrl: [32m'./portfolio-home.component.html'[37m,
         ╵                [32m~~~~~~~~~~~~~~~~~~~~~~~~~~~~~~~~~[0m


[31mX [41;31m[[41;97mERROR[41;31m][0m [1mNG5002: Parser Error: Conditional expression portfolioTrendHoveredPoint ? portfolioTrendHoveredPoint.profitEuros | number:'1.2-2' : portfolioTrendValueLabel requires all 3 expressions at the end of the expression [ {{ portfolioTrendHoveredPoint ? portfolioTrendHoveredPoint.profitEuros | number:'1.2-2' : portfolioTrendValueLabel }} ] in C:\Users\jorge\OneDrive\workspace\angular-app23\angular-app\src\app\pages\portfolio-home.component.html@115:14[0m [1m[35m[plugin angular-compiler][0m

    src/app/pages/portfolio-home.component.html:503:41:
[37m      503 │     <section class="modal-card" (click)="[32m$event.stopPropagation()[37m">
          ╵                                          [32m~~~~~~~~~~~~~~~~~~~~~~~~[0m

  Error occurs in the template of component PortfolioHomeComponent.

    src/app/pages/portfolio-home.component.ts:33:15:
[37m      33 │   templateUrl: [32m'./portfolio-home.component.html'[37m,
         ╵                [32m~~~~~~~~~~~~~~~~~~~~~~~~~~~~~~~~~[0m


[31mX [41;31m[[41;97mERROR[41;31m][0m [1mNG5002: Parser Error: Conditional expression portfolioTrendHoveredPoint ? portfolioTrendHoveredPoint.profitEuros | number:'1.2-2' : portfolioTrendValueLabel requires all 3 expressions at the end of the expression [ {{ portfolioTrendHoveredPoint ? portfolioTrendHoveredPoint.profitEuros | number:'1.2-2' : portfolioTrendValueLabel }} ] in C:\Users\jorge\OneDrive\workspace\angular-app23\angular-app\src\app\pages\portfolio-home.component.html@115:14[0m [1m[35m[plugin angular-compiler][0m

    src/app/pages/portfolio-home.component.html:509:59:
[37m      509 │ ...modal-close" (click)="[32mcloseAddFundModal()[37m" [disabled]="isCreat...
          ╵                          [32m~~~~~~~~~~~~~~~~~~~[0m

  Error occurs in the template of component PortfolioHomeComponent.

    src/app/pages/portfolio-home.component.ts:33:15:
[37m      33 │   templateUrl: [32m'./portfolio-home.component.html'[37m,
         ╵                [32m~~~~~~~~~~~~~~~~~~~~~~~~~~~~~~~~~[0m


[31mX [41;31m[[41;97mERROR[41;31m][0m [1mNG5002: Parser Error: Conditional expression portfolioTrendHoveredPoint ? portfolioTrendHoveredPoint.profitEuros | number:'1.2-2' : portfolioTrendValueLabel requires all 3 expressions at the end of the expression [ {{ portfolioTrendHoveredPoint ? portfolioTrendHoveredPoint.profitEuros | number:'1.2-2' : portfolioTrendValueLabel }} ] in C:\Users\jorge\OneDrive\workspace\angular-app23\angular-app\src\app\pages\portfolio-home.component.html@115:14[0m [1m[35m[plugin angular-compiler][0m

    src/app/pages/portfolio-home.component.html:509:92:
[37m      509 │ ...eAddFundModal()" [disabled]="[32misCreatingFund[37m" aria-label="Cerrar">
          ╵                                 [32m~~~~~~~~~~~~~~[0m

  Error occurs in the template of component PortfolioHomeComponent.

    src/app/pages/portfolio-home.component.ts:33:15:
[37m      33 │   templateUrl: [32m'./portfolio-home.component.html'[37m,
         ╵                [32m~~~~~~~~~~~~~~~~~~~~~~~~~~~~~~~~~[0m


[31mX [41;31m[[41;97mERROR[41;31m][0m [1mNG5002: Parser Error: Conditional expression portfolioTrendHoveredPoint ? portfolioTrendHoveredPoint.profitEuros | number:'1.2-2' : portfolioTrendValueLabel requires all 3 expressions at the end of the expression [ {{ portfolioTrendHoveredPoint ? portfolioTrendHoveredPoint.profitEuros | number:'1.2-2' : portfolioTrendValueLabel }} ] in C:\Users\jorge\OneDrive\workspace\angular-app23\angular-app\src\app\pages\portfolio-home.component.html@115:14[0m [1m[35m[plugin angular-compiler][0m

    src/app/pages/portfolio-home.component.html:519:23:
[37m      519 │             [ngModel]="[32mnewFundForm.name[37m"
          ╵                        [32m~~~~~~~~~~~~~~~~[0m

  Error occurs in the template of component PortfolioHomeComponent.

    src/app/pages/portfolio-home.component.ts:33:15:
[37m      33 │   templateUrl: [32m'./portfolio-home.component.html'[37m,
         ╵                [32m~~~~~~~~~~~~~~~~~~~~~~~~~~~~~~~~~[0m


[31mX [41;31m[[41;97mERROR[41;31m][0m [1mNG5002: Parser Error: Conditional expression portfolioTrendHoveredPoint ? portfolioTrendHoveredPoint.profitEuros | number:'1.2-2' : portfolioTrendValueLabel requires all 3 expressions at the end of the expression [ {{ portfolioTrendHoveredPoint ? portfolioTrendHoveredPoint.profitEuros | number:'1.2-2' : portfolioTrendValueLabel }} ] in C:\Users\jorge\OneDrive\workspace\angular-app23\angular-app\src\app\pages\portfolio-home.component.html@115:14[0m [1m[35m[plugin angular-compiler][0m

    src/app/pages/portfolio-home.component.html:520:29:
[37m      520 │             (ngModelChange)="[32mupdateNewFundField('name', $event)[37m"
          ╵                              [32m~~~~~~~~~~~~~~~~~~~~~~~~~~~~~~~~~~[0m

  Error occurs in the template of component PortfolioHomeComponent.

    src/app/pages/portfolio-home.component.ts:33:15:
[37m      33 │   templateUrl: [32m'./portfolio-home.component.html'[37m,
         ╵                [32m~~~~~~~~~~~~~~~~~~~~~~~~~~~~~~~~~[0m


[31mX [41;31m[[41;97mERROR[41;31m][0m [1mNG5002: Parser Error: Conditional expression portfolioTrendHoveredPoint ? portfolioTrendHoveredPoint.profitEuros | number:'1.2-2' : portfolioTrendValueLabel requires all 3 expressions at the end of the expression [ {{ portfolioTrendHoveredPoint ? portfolioTrendHoveredPoint.profitEuros | number:'1.2-2' : portfolioTrendValueLabel }} ] in C:\Users\jorge\OneDrive\workspace\angular-app23\angular-app\src\app\pages\portfolio-home.component.html@115:14[0m [1m[35m[plugin angular-compiler][0m

    src/app/pages/portfolio-home.component.html:521:24:
[37m      521 │             [disabled]="[32misCreatingFund[37m"
          ╵                         [32m~~~~~~~~~~~~~~[0m

  Error occurs in the template of component PortfolioHomeComponent.

    src/app/pages/portfolio-home.component.ts:33:15:
[37m      33 │   templateUrl: [32m'./portfolio-home.component.html'[37m,
         ╵                [32m~~~~~~~~~~~~~~~~~~~~~~~~~~~~~~~~~[0m


[31mX [41;31m[[41;97mERROR[41;31m][0m [1mNG5002: Parser Error: Conditional expression portfolioTrendHoveredPoint ? portfolioTrendHoveredPoint.profitEuros | number:'1.2-2' : portfolioTrendValueLabel requires all 3 expressions at the end of the expression [ {{ portfolioTrendHoveredPoint ? portfolioTrendHoveredPoint.profitEuros | number:'1.2-2' : portfolioTrendValueLabel }} ] in C:\Users\jorge\OneDrive\workspace\angular-app23\angular-app\src\app\pages\portfolio-home.component.html@115:14[0m [1m[35m[plugin angular-compiler][0m

    src/app/pages/portfolio-home.component.html:529:23:
[37m      529 │             [ngModel]="[32mnewFundForm.isin[37m"
          ╵                        [32m~~~~~~~~~~~~~~~~[0m

  Error occurs in the template of component PortfolioHomeComponent.

    src/app/pages/portfolio-home.component.ts:33:15:
[37m      33 │   templateUrl: [32m'./portfolio-home.component.html'[37m,
         ╵                [32m~~~~~~~~~~~~~~~~~~~~~~~~~~~~~~~~~[0m


[31mX [41;31m[[41;97mERROR[41;31m][0m [1mNG5002: Parser Error: Conditional expression portfolioTrendHoveredPoint ? portfolioTrendHoveredPoint.profitEuros | number:'1.2-2' : portfolioTrendValueLabel requires all 3 expressions at the end of the expression [ {{ portfolioTrendHoveredPoint ? portfolioTrendHoveredPoint.profitEuros | number:'1.2-2' : portfolioTrendValueLabel }} ] in C:\Users\jorge\OneDrive\workspace\angular-app23\angular-app\src\app\pages\portfolio-home.component.html@115:14[0m [1m[35m[plugin angular-compiler][0m

    src/app/pages/portfolio-home.component.html:530:29:
[37m      530 │             (ngModelChange)="[32mupdateNewFundField('isin', $event)[37m"
          ╵                              [32m~~~~~~~~~~~~~~~~~~~~~~~~~~~~~~~~~~[0m

  Error occurs in the template of component PortfolioHomeComponent.

    src/app/pages/portfolio-home.component.ts:33:15:
[37m      33 │   templateUrl: [32m'./portfolio-home.component.html'[37m,
         ╵                [32m~~~~~~~~~~~~~~~~~~~~~~~~~~~~~~~~~[0m


[31mX [41;31m[[41;97mERROR[41;31m][0m [1mNG5002: Parser Error: Conditional expression portfolioTrendHoveredPoint ? portfolioTrendHoveredPoint.profitEuros | number:'1.2-2' : portfolioTrendValueLabel requires all 3 expressions at the end of the expression [ {{ portfolioTrendHoveredPoint ? portfolioTrendHoveredPoint.profitEuros | number:'1.2-2' : portfolioTrendValueLabel }} ] in C:\Users\jorge\OneDrive\workspace\angular-app23\angular-app\src\app\pages\portfolio-home.component.html@115:14[0m [1m[35m[plugin angular-compiler][0m

    src/app/pages/portfolio-home.component.html:531:24:
[37m      531 │             [disabled]="[32misCreatingFund[37m"
          ╵                         [32m~~~~~~~~~~~~~~[0m

  Error occurs in the template of component PortfolioHomeComponent.

    src/app/pages/portfolio-home.component.ts:33:15:
[37m      33 │   templateUrl: [32m'./portfolio-home.component.html'[37m,
         ╵                [32m~~~~~~~~~~~~~~~~~~~~~~~~~~~~~~~~~[0m


[31mX [41;31m[[41;97mERROR[41;31m][0m [1mNG5002: Parser Error: Conditional expression portfolioTrendHoveredPoint ? portfolioTrendHoveredPoint.profitEuros | number:'1.2-2' : portfolioTrendValueLabel requires all 3 expressions at the end of the expression [ {{ portfolioTrendHoveredPoint ? portfolioTrendHoveredPoint.profitEuros | number:'1.2-2' : portfolioTrendValueLabel }} ] in C:\Users\jorge\OneDrive\workspace\angular-app23\angular-app\src\app\pages\portfolio-home.component.html@115:14[0m [1m[35m[plugin angular-compiler][0m

    src/app/pages/portfolio-home.component.html:539:23:
[37m      539 │             [ngModel]="[32mnewFundForm.type[37m"
          ╵                        [32m~~~~~~~~~~~~~~~~[0m

  Error occurs in the template of component PortfolioHomeComponent.

    src/app/pages/portfolio-home.component.ts:33:15:
[37m      33 │   templateUrl: [32m'./portfolio-home.component.html'[37m,
         ╵                [32m~~~~~~~~~~~~~~~~~~~~~~~~~~~~~~~~~[0m


[31mX [41;31m[[41;97mERROR[41;31m][0m [1mNG5002: Parser Error: Conditional expression portfolioTrendHoveredPoint ? portfolioTrendHoveredPoint.profitEuros | number:'1.2-2' : portfolioTrendValueLabel requires all 3 expressions at the end of the expression [ {{ portfolioTrendHoveredPoint ? portfolioTrendHoveredPoint.profitEuros | number:'1.2-2' : portfolioTrendValueLabel }} ] in C:\Users\jorge\OneDrive\workspace\angular-app23\angular-app\src\app\pages\portfolio-home.component.html@115:14[0m [1m[35m[plugin angular-compiler][0m

    src/app/pages/portfolio-home.component.html:540:29:
[37m      540 │             (ngModelChange)="[32mupdateNewFundField('type', $event)[37m"
          ╵                              [32m~~~~~~~~~~~~~~~~~~~~~~~~~~~~~~~~~~[0m

  Error occurs in the template of component PortfolioHomeComponent.

    src/app/pages/portfolio-home.component.ts:33:15:
[37m      33 │   templateUrl: [32m'./portfolio-home.component.html'[37m,
         ╵                [32m~~~~~~~~~~~~~~~~~~~~~~~~~~~~~~~~~[0m


[31mX [41;31m[[41;97mERROR[41;31m][0m [1mNG5002: Parser Error: Conditional expression portfolioTrendHoveredPoint ? portfolioTrendHoveredPoint.profitEuros | number:'1.2-2' : portfolioTrendValueLabel requires all 3 expressions at the end of the expression [ {{ portfolioTrendHoveredPoint ? portfolioTrendHoveredPoint.profitEuros | number:'1.2-2' : portfolioTrendValueLabel }} ] in C:\Users\jorge\OneDrive\workspace\angular-app23\angular-app\src\app\pages\portfolio-home.component.html@115:14[0m [1m[35m[plugin angular-compiler][0m

    src/app/pages/portfolio-home.component.html:541:24:
[37m      541 │             [disabled]="[32misCreatingFund[37m"
          ╵                         [32m~~~~~~~~~~~~~~[0m

  Error occurs in the template of component PortfolioHomeComponent.

    src/app/pages/portfolio-home.component.ts:33:15:
[37m      33 │   templateUrl: [32m'./portfolio-home.component.html'[37m,
         ╵                [32m~~~~~~~~~~~~~~~~~~~~~~~~~~~~~~~~~[0m


[31mX [41;31m[[41;97mERROR[41;31m][0m [1mNG5002: Parser Error: Conditional expression portfolioTrendHoveredPoint ? portfolioTrendHoveredPoint.profitEuros | number:'1.2-2' : portfolioTrendValueLabel requires all 3 expressions at the end of the expression [ {{ portfolioTrendHoveredPoint ? portfolioTrendHoveredPoint.profitEuros | number:'1.2-2' : portfolioTrendValueLabel }} ] in C:\Users\jorge\OneDrive\workspace\angular-app23\angular-app\src\app\pages\portfolio-home.component.html@115:14[0m [1m[35m[plugin angular-compiler][0m

    src/app/pages/portfolio-home.component.html:549:23:
[37m      549 │             [ngModel]="[32mnewFundForm.currency[37m"
          ╵                        [32m~~~~~~~~~~~~~~~~~~~~[0m

  Error occurs in the template of component PortfolioHomeComponent.

    src/app/pages/portfolio-home.component.ts:33:15:
[37m      33 │   templateUrl: [32m'./portfolio-home.component.html'[37m,
         ╵                [32m~~~~~~~~~~~~~~~~~~~~~~~~~~~~~~~~~[0m


[31mX [41;31m[[41;97mERROR[41;31m][0m [1mNG5002: Parser Error: Conditional expression portfolioTrendHoveredPoint ? portfolioTrendHoveredPoint.profitEuros | number:'1.2-2' : portfolioTrendValueLabel requires all 3 expressions at the end of the expression [ {{ portfolioTrendHoveredPoint ? portfolioTrendHoveredPoint.profitEuros | number:'1.2-2' : portfolioTrendValueLabel }} ] in C:\Users\jorge\OneDrive\workspace\angular-app23\angular-app\src\app\pages\portfolio-home.component.html@115:14[0m [1m[35m[plugin angular-compiler][0m

    src/app/pages/portfolio-home.component.html:550:29:
[37m      550 │             (ngModelChange)="[32mupdateNewFundField('currency', $event)[37m"
          ╵                              [32m~~~~~~~~~~~~~~~~~~~~~~~~~~~~~~~~~~~~~~[0m

  Error occurs in the template of component PortfolioHomeComponent.

    src/app/pages/portfolio-home.component.ts:33:15:
[37m      33 │   templateUrl: [32m'./portfolio-home.component.html'[37m,
         ╵                [32m~~~~~~~~~~~~~~~~~~~~~~~~~~~~~~~~~[0m


[31mX [41;31m[[41;97mERROR[41;31m][0m [1mNG5002: Parser Error: Conditional expression portfolioTrendHoveredPoint ? portfolioTrendHoveredPoint.profitEuros | number:'1.2-2' : portfolioTrendValueLabel requires all 3 expressions at the end of the expression [ {{ portfolioTrendHoveredPoint ? portfolioTrendHoveredPoint.profitEuros | number:'1.2-2' : portfolioTrendValueLabel }} ] in C:\Users\jorge\OneDrive\workspace\angular-app23\angular-app\src\app\pages\portfolio-home.component.html@115:14[0m [1m[35m[plugin angular-compiler][0m

    src/app/pages/portfolio-home.component.html:551:24:
[37m      551 │             [disabled]="[32misCreatingFund[37m"
          ╵                         [32m~~~~~~~~~~~~~~[0m

  Error occurs in the template of component PortfolioHomeComponent.

    src/app/pages/portfolio-home.component.ts:33:15:
[37m      33 │   templateUrl: [32m'./portfolio-home.component.html'[37m,
         ╵                [32m~~~~~~~~~~~~~~~~~~~~~~~~~~~~~~~~~[0m


[31mX [41;31m[[41;97mERROR[41;31m][0m [1mNG5002: Parser Error: Conditional expression portfolioTrendHoveredPoint ? portfolioTrendHoveredPoint.profitEuros | number:'1.2-2' : portfolioTrendValueLabel requires all 3 expressions at the end of the expression [ {{ portfolioTrendHoveredPoint ? portfolioTrendHoveredPoint.profitEuros | number:'1.2-2' : portfolioTrendValueLabel }} ] in C:\Users\jorge\OneDrive\workspace\angular-app23\angular-app\src\app\pages\portfolio-home.component.html@115:14[0m [1m[35m[plugin angular-compiler][0m

    src/app/pages/portfolio-home.component.html:559:23:
[37m      559 │             [ngModel]="[32mnewFundForm.totalInvested[37m"
          ╵                        [32m~~~~~~~~~~~~~~~~~~~~~~~~~[0m

  Error occurs in the template of component PortfolioHomeComponent.

    src/app/pages/portfolio-home.component.ts:33:15:
[37m      33 │   templateUrl: [32m'./portfolio-home.component.html'[37m,
         ╵                [32m~~~~~~~~~~~~~~~~~~~~~~~~~~~~~~~~~[0m


[31mX [41;31m[[41;97mERROR[41;31m][0m [1mNG5002: Parser Error: Conditional expression portfolioTrendHoveredPoint ? portfolioTrendHoveredPoint.profitEuros | number:'1.2-2' : portfolioTrendValueLabel requires all 3 expressions at the end of the expression [ {{ portfolioTrendHoveredPoint ? portfolioTrendHoveredPoint.profitEuros | number:'1.2-2' : portfolioTrendValueLabel }} ] in C:\Users\jorge\OneDrive\workspace\angular-app23\angular-app\src\app\pages\portfolio-home.component.html@115:14[0m [1m[35m[plugin angular-compiler][0m

    src/app/pages/portfolio-home.component.html:560:29:
[37m      560 │ ...    (ngModelChange)="[32mupdateNewFundField('totalInvested', $event)[37m"
          ╵                         [32m~~~~~~~~~~~~~~~~~~~~~~~~~~~~~~~~~~~~~~~~~~~[0m

  Error occurs in the template of component PortfolioHomeComponent.

    src/app/pages/portfolio-home.component.ts:33:15:
[37m      33 │   templateUrl: [32m'./portfolio-home.component.html'[37m,
         ╵                [32m~~~~~~~~~~~~~~~~~~~~~~~~~~~~~~~~~[0m


[31mX [41;31m[[41;97mERROR[41;31m][0m [1mNG5002: Parser Error: Conditional expression portfolioTrendHoveredPoint ? portfolioTrendHoveredPoint.profitEuros | number:'1.2-2' : portfolioTrendValueLabel requires all 3 expressions at the end of the expression [ {{ portfolioTrendHoveredPoint ? portfolioTrendHoveredPoint.profitEuros | number:'1.2-2' : portfolioTrendValueLabel }} ] in C:\Users\jorge\OneDrive\workspace\angular-app23\angular-app\src\app\pages\portfolio-home.component.html@115:14[0m [1m[35m[plugin angular-compiler][0m

    src/app/pages/portfolio-home.component.html:561:24:
[37m      561 │             [disabled]="[32misCreatingFund[37m"
          ╵                         [32m~~~~~~~~~~~~~~[0m

  Error occurs in the template of component PortfolioHomeComponent.

    src/app/pages/portfolio-home.component.ts:33:15:
[37m      33 │   templateUrl: [32m'./portfolio-home.component.html'[37m,
         ╵                [32m~~~~~~~~~~~~~~~~~~~~~~~~~~~~~~~~~[0m


[31mX [41;31m[[41;97mERROR[41;31m][0m [1mNG5002: Parser Error: Conditional expression portfolioTrendHoveredPoint ? portfolioTrendHoveredPoint.profitEuros | number:'1.2-2' : portfolioTrendValueLabel requires all 3 expressions at the end of the expression [ {{ portfolioTrendHoveredPoint ? portfolioTrendHoveredPoint.profitEuros | number:'1.2-2' : portfolioTrendValueLabel }} ] in C:\Users\jorge\OneDrive\workspace\angular-app23\angular-app\src\app\pages\portfolio-home.component.html@115:14[0m [1m[35m[plugin angular-compiler][0m

    src/app/pages/portfolio-home.component.html:569:23:
[37m      569 │             [ngModel]="[32mnewFundForm.shares[37m"
          ╵                        [32m~~~~~~~~~~~~~~~~~~[0m

  Error occurs in the template of component PortfolioHomeComponent.

    src/app/pages/portfolio-home.component.ts:33:15:
[37m      33 │   templateUrl: [32m'./portfolio-home.component.html'[37m,
         ╵                [32m~~~~~~~~~~~~~~~~~~~~~~~~~~~~~~~~~[0m


[31mX [41;31m[[41;97mERROR[41;31m][0m [1mNG5002: Parser Error: Conditional expression portfolioTrendHoveredPoint ? portfolioTrendHoveredPoint.profitEuros | number:'1.2-2' : portfolioTrendValueLabel requires all 3 expressions at the end of the expression [ {{ portfolioTrendHoveredPoint ? portfolioTrendHoveredPoint.profitEuros | number:'1.2-2' : portfolioTrendValueLabel }} ] in C:\Users\jorge\OneDrive\workspace\angular-app23\angular-app\src\app\pages\portfolio-home.component.html@115:14[0m [1m[35m[plugin angular-compiler][0m

    src/app/pages/portfolio-home.component.html:570:29:
[37m      570 │             (ngModelChange)="[32mupdateNewFundField('shares', $event)[37m"
          ╵                              [32m~~~~~~~~~~~~~~~~~~~~~~~~~~~~~~~~~~~~[0m

  Error occurs in the template of component PortfolioHomeComponent.

    src/app/pages/portfolio-home.component.ts:33:15:
[37m      33 │   templateUrl: [32m'./portfolio-home.component.html'[37m,
         ╵                [32m~~~~~~~~~~~~~~~~~~~~~~~~~~~~~~~~~[0m


[31mX [41;31m[[41;97mERROR[41;31m][0m [1mNG5002: Parser Error: Conditional expression portfolioTrendHoveredPoint ? portfolioTrendHoveredPoint.profitEuros | number:'1.2-2' : portfolioTrendValueLabel requires all 3 expressions at the end of the expression [ {{ portfolioTrendHoveredPoint ? portfolioTrendHoveredPoint.profitEuros | number:'1.2-2' : portfolioTrendValueLabel }} ] in C:\Users\jorge\OneDrive\workspace\angular-app23\angular-app\src\app\pages\portfolio-home.component.html@115:14[0m [1m[35m[plugin angular-compiler][0m

    src/app/pages/portfolio-home.component.html:571:24:
[37m      571 │             [disabled]="[32misCreatingFund[37m"
          ╵                         [32m~~~~~~~~~~~~~~[0m

  Error occurs in the template of component PortfolioHomeComponent.

    src/app/pages/portfolio-home.component.ts:33:15:
[37m      33 │   templateUrl: [32m'./portfolio-home.component.html'[37m,
         ╵                [32m~~~~~~~~~~~~~~~~~~~~~~~~~~~~~~~~~[0m


[31mX [41;31m[[41;97mERROR[41;31m][0m [1mNG5002: Parser Error: Conditional expression portfolioTrendHoveredPoint ? portfolioTrendHoveredPoint.profitEuros | number:'1.2-2' : portfolioTrendValueLabel requires all 3 expressions at the end of the expression [ {{ portfolioTrendHoveredPoint ? portfolioTrendHoveredPoint.profitEuros | number:'1.2-2' : portfolioTrendValueLabel }} ] in C:\Users\jorge\OneDrive\workspace\angular-app23\angular-app\src\app\pages\portfolio-home.component.html@115:14[0m [1m[35m[plugin angular-compiler][0m

    src/app/pages/portfolio-home.component.html:576:11:
[37m      576 │       @if ([32mcreateFundErrorMessage[37m) {
          ╵            [32m~~~~~~~~~~~~~~~~~~~~~~[0m

  Error occurs in the template of component PortfolioHomeComponent.

    src/app/pages/portfolio-home.component.ts:33:15:
[37m      33 │   templateUrl: [32m'./portfolio-home.component.html'[37m,
         ╵                [32m~~~~~~~~~~~~~~~~~~~~~~~~~~~~~~~~~[0m


[31mX [41;31m[[41;97mERROR[41;31m][0m [1mNG5002: Parser Error: Conditional expression portfolioTrendHoveredPoint ? portfolioTrendHoveredPoint.profitEuros | number:'1.2-2' : portfolioTrendValueLabel requires all 3 expressions at the end of the expression [ {{ portfolioTrendHoveredPoint ? portfolioTrendHoveredPoint.profitEuros | number:'1.2-2' : portfolioTrendValueLabel }} ] in C:\Users\jorge\OneDrive\workspace\angular-app23\angular-app\src\app\pages\portfolio-home.component.html@115:14[0m [1m[35m[plugin angular-compiler][0m

    src/app/pages/portfolio-home.component.html:577:31:
[37m      577 │         <p class="modal-error">[32m{{ createFundErrorMessage }}[37m</p>
          ╵                                [32m~~~~~~~~~~~~~~~~~~~~~~~~~~~~[0m

  Error occurs in the template of component PortfolioHomeComponent.

    src/app/pages/portfolio-home.component.ts:33:15:
[37m      33 │   templateUrl: [32m'./portfolio-home.component.html'[37m,
         ╵                [32m~~~~~~~~~~~~~~~~~~~~~~~~~~~~~~~~~[0m


[31mX [41;31m[[41;97mERROR[41;31m][0m [1mNG5002: Parser Error: Conditional expression portfolioTrendHoveredPoint ? portfolioTrendHoveredPoint.profitEuros | number:'1.2-2' : portfolioTrendValueLabel requires all 3 expressions at the end of the expression [ {{ portfolioTrendHoveredPoint ? portfolioTrendHoveredPoint.profitEuros | number:'1.2-2' : portfolioTrendValueLabel }} ] in C:\Users\jorge\OneDrive\workspace\angular-app23\angular-app\src\app\pages\portfolio-home.component.html@115:14[0m [1m[35m[plugin angular-compiler][0m

    src/app/pages/portfolio-home.component.html:581:80:
[37m      581 │ ...tton--ghost" (click)="[32mcloseAddFundModal()[37m" [disabled]="isCreat...
          ╵                          [32m~~~~~~~~~~~~~~~~~~~[0m

  Error occurs in the template of component PortfolioHomeComponent.

    src/app/pages/portfolio-home.component.ts:33:15:
[37m      33 │   templateUrl: [32m'./portfolio-home.component.html'[37m,
         ╵                [32m~~~~~~~~~~~~~~~~~~~~~~~~~~~~~~~~~[0m


[31mX [41;31m[[41;97mERROR[41;31m][0m [1mNG5002: Parser Error: Conditional expression portfolioTrendHoveredPoint ? portfolioTrendHoveredPoint.profitEuros | number:'1.2-2' : portfolioTrendValueLabel requires all 3 expressions at the end of the expression [ {{ portfolioTrendHoveredPoint ? portfolioTrendHoveredPoint.profitEuros | number:'1.2-2' : portfolioTrendValueLabel }} ] in C:\Users\jorge\OneDrive\workspace\angular-app23\angular-app\src\app\pages\portfolio-home.component.html@115:14[0m [1m[35m[plugin angular-compiler][0m

    src/app/pages/portfolio-home.component.html:581:113:
[37m      581 │ ...ghost" (click)="closeAddFundModal()" [disabled]="[32misCreatingFund[37m">
          ╵                                                     [32m~~~~~~~~~~~~~~[0m

  Error occurs in the template of component PortfolioHomeComponent.

    src/app/pages/portfolio-home.component.ts:33:15:
[37m      33 │   templateUrl: [32m'./portfolio-home.component.html'[37m,
         ╵                [32m~~~~~~~~~~~~~~~~~~~~~~~~~~~~~~~~~[0m


[31mX [41;31m[[41;97mERROR[41;31m][0m [1mNG5002: Parser Error: Conditional expression portfolioTrendHoveredPoint ? portfolioTrendHoveredPoint.profitEuros | number:'1.2-2' : portfolioTrendValueLabel requires all 3 expressions at the end of the expression [ {{ portfolioTrendHoveredPoint ? portfolioTrendHoveredPoint.profitEuros | number:'1.2-2' : portfolioTrendValueLabel }} ] in C:\Users\jorge\OneDrive\workspace\angular-app23\angular-app\src\app\pages\portfolio-home.component.html@115:14[0m [1m[35m[plugin angular-compiler][0m

    src/app/pages/portfolio-home.component.html:584:82:
[37m      584 │ ...tton--primary" (click)="[32msubmitNewFund()[37m" [disabled]="isCreatin...
          ╵                            [32m~~~~~~~~~~~~~~~[0m

  Error occurs in the template of component PortfolioHomeComponent.

    src/app/pages/portfolio-home.component.ts:33:15:
[37m      33 │   templateUrl: [32m'./portfolio-home.component.html'[37m,
         ╵                [32m~~~~~~~~~~~~~~~~~~~~~~~~~~~~~~~~~[0m


[31mX [41;31m[[41;97mERROR[41;31m][0m [1mNG5002: Parser Error: Conditional expression portfolioTrendHoveredPoint ? portfolioTrendHoveredPoint.profitEuros | number:'1.2-2' : portfolioTrendValueLabel requires all 3 expressions at the end of the expression [ {{ portfolioTrendHoveredPoint ? portfolioTrendHoveredPoint.profitEuros | number:'1.2-2' : portfolioTrendValueLabel }} ] in C:\Users\jorge\OneDrive\workspace\angular-app23\angular-app\src\app\pages\portfolio-home.component.html@115:14[0m [1m[35m[plugin angular-compiler][0m

    src/app/pages/portfolio-home.component.html:584:111:
[37m      584 │ ...--primary" (click)="submitNewFund()" [disabled]="[32misCreatingFund[37m">
          ╵                                                     [32m~~~~~~~~~~~~~~[0m

  Error occurs in the template of component PortfolioHomeComponent.

    src/app/pages/portfolio-home.component.ts:33:15:
[37m      33 │   templateUrl: [32m'./portfolio-home.component.html'[37m,
         ╵                [32m~~~~~~~~~~~~~~~~~~~~~~~~~~~~~~~~~[0m


[31mX [41;31m[[41;97mERROR[41;31m][0m [1mNG5002: Parser Error: Conditional expression portfolioTrendHoveredPoint ? portfolioTrendHoveredPoint.profitEuros | number:'1.2-2' : portfolioTrendValueLabel requires all 3 expressions at the end of the expression [ {{ portfolioTrendHoveredPoint ? portfolioTrendHoveredPoint.profitEuros | number:'1.2-2' : portfolioTrendValueLabel }} ] in C:\Users\jorge\OneDrive\workspace\angular-app23\angular-app\src\app\pages\portfolio-home.component.html@115:14[0m [1m[35m[plugin angular-compiler][0m

    src/app/pages/portfolio-home.component.html:585:10:
[37m      585 │           [32m{{ isCreatingFund ? 'Añadiendo...' : 'Añadir' }}[37m
          ╵           [32m~~~~~~~~~~~~~~~~~~~~~~~~~~~~~~~~~~~~~~~~~~~~~~~~[0m

  Error occurs in the template of component PortfolioHomeComponent.

    src/app/pages/portfolio-home.component.ts:33:15:
[37m      33 │   templateUrl: [32m'./portfolio-home.component.html'[37m,
         ╵                [32m~~~~~~~~~~~~~~~~~~~~~~~~~~~~~~~~~[0m


[31mX [41;31m[[41;97mERROR[41;31m][0m [1mNG5002: Parser Error: Conditional expression portfolioTrendHoveredPoint ? portfolioTrendHoveredPoint.profitEuros | number:'1.2-2' : portfolioTrendValueLabel requires all 3 expressions at the end of the expression [ {{ portfolioTrendHoveredPoint ? portfolioTrendHoveredPoint.profitEuros | number:'1.2-2' : portfolioTrendValueLabel }} ] in C:\Users\jorge\OneDrive\workspace\angular-app23\angular-app\src\app\pages\portfolio-home.component.html@115:14[0m [1m[35m[plugin angular-compiler][0m

    src/app/pages/portfolio-home.component.html:592:5:
[37m      592 │ @if ([32misDeleteFundModalOpen && fundPendingDeletion[37m) {
          ╵      [32m~~~~~~~~~~~~~~~~~~~~~~~~~~~~~~~~~~~~~~~~~~~~[0m

  Error occurs in the template of component PortfolioHomeComponent.

    src/app/pages/portfolio-home.component.ts:33:15:
[37m      33 │   templateUrl: [32m'./portfolio-home.component.html'[37m,
         ╵                [32m~~~~~~~~~~~~~~~~~~~~~~~~~~~~~~~~~[0m


[31mX [41;31m[[41;97mERROR[41;31m][0m [1mNG5002: Parser Error: Conditional expression portfolioTrendHoveredPoint ? portfolioTrendHoveredPoint.profitEuros | number:'1.2-2' : portfolioTrendValueLabel requires all 3 expressions at the end of the expression [ {{ portfolioTrendHoveredPoint ? portfolioTrendHoveredPoint.profitEuros | number:'1.2-2' : portfolioTrendValueLabel }} ] in C:\Users\jorge\OneDrive\workspace\angular-app23\angular-app\src\app\pages\portfolio-home.component.html@115:14[0m [1m[35m[plugin angular-compiler][0m

    src/app/pages/portfolio-home.component.html:593:39:
[37m      593 │   <div class="modal-backdrop" (click)="[32mcloseDeleteFundModal()[37m">
          ╵                                        [32m~~~~~~~~~~~~~~~~~~~~~~[0m

  Error occurs in the template of component PortfolioHomeComponent.

    src/app/pages/portfolio-home.component.ts:33:15:
[37m      33 │   templateUrl: [32m'./portfolio-home.component.html'[37m,
         ╵                [32m~~~~~~~~~~~~~~~~~~~~~~~~~~~~~~~~~[0m


[31mX [41;31m[[41;97mERROR[41;31m][0m [1mNG5002: Parser Error: Conditional expression portfolioTrendHoveredPoint ? portfolioTrendHoveredPoint.profitEuros | number:'1.2-2' : portfolioTrendValueLabel requires all 3 expressions at the end of the expression [ {{ portfolioTrendHoveredPoint ? portfolioTrendHoveredPoint.profitEuros | number:'1.2-2' : portfolioTrendValueLabel }} ] in C:\Users\jorge\OneDrive\workspace\angular-app23\angular-app\src\app\pages\portfolio-home.component.html@115:14[0m [1m[35m[plugin angular-compiler][0m

    src/app/pages/portfolio-home.component.html:594:61:
[37m      594 │ ...dal-card modal-card--confirm" (click)="[32m$event.stopPropagation()[37m">
          ╵                                           [32m~~~~~~~~~~~~~~~~~~~~~~~~[0m

  Error occurs in the template of component PortfolioHomeComponent.

    src/app/pages/portfolio-home.component.ts:33:15:
[37m      33 │   templateUrl: [32m'./portfolio-home.component.html'[37m,
         ╵                [32m~~~~~~~~~~~~~~~~~~~~~~~~~~~~~~~~~[0m


[31mX [41;31m[[41;97mERROR[41;31m][0m [1mNG5002: Parser Error: Conditional expression portfolioTrendHoveredPoint ? portfolioTrendHoveredPoint.profitEuros | number:'1.2-2' : portfolioTrendValueLabel requires all 3 expressions at the end of the expression [ {{ portfolioTrendHoveredPoint ? portfolioTrendHoveredPoint.profitEuros | number:'1.2-2' : portfolioTrendValueLabel }} ] in C:\Users\jorge\OneDrive\workspace\angular-app23\angular-app\src\app\pages\portfolio-home.component.html@115:14[0m [1m[35m[plugin angular-compiler][0m

    src/app/pages/portfolio-home.component.html:600:59:
[37m      600 │ ...dal-close" (click)="[32mcloseDeleteFundModal()[37m" [disabled]="isDele...
          ╵                        [32m~~~~~~~~~~~~~~~~~~~~~~[0m

  Error occurs in the template of component PortfolioHomeComponent.

    src/app/pages/portfolio-home.component.ts:33:15:
[37m      33 │   templateUrl: [32m'./portfolio-home.component.html'[37m,
         ╵                [32m~~~~~~~~~~~~~~~~~~~~~~~~~~~~~~~~~[0m


[31mX [41;31m[[41;97mERROR[41;31m][0m [1mNG5002: Parser Error: Conditional expression portfolioTrendHoveredPoint ? portfolioTrendHoveredPoint.profitEuros | number:'1.2-2' : portfolioTrendValueLabel requires all 3 expressions at the end of the expression [ {{ portfolioTrendHoveredPoint ? portfolioTrendHoveredPoint.profitEuros | number:'1.2-2' : portfolioTrendValueLabel }} ] in C:\Users\jorge\OneDrive\workspace\angular-app23\angular-app\src\app\pages\portfolio-home.component.html@115:14[0m [1m[35m[plugin angular-compiler][0m

    src/app/pages/portfolio-home.component.html:600:95:
[37m      600 │ ...leteFundModal()" [disabled]="[32misDeletingFund[37m" aria-label="Cerrar">
          ╵                                 [32m~~~~~~~~~~~~~~[0m

  Error occurs in the template of component PortfolioHomeComponent.

    src/app/pages/portfolio-home.component.ts:33:15:
[37m      33 │   templateUrl: [32m'./portfolio-home.component.html'[37m,
         ╵                [32m~~~~~~~~~~~~~~~~~~~~~~~~~~~~~~~~~[0m


[31mX [41;31m[[41;97mERROR[41;31m][0m [1mNG5002: Parser Error: Conditional expression portfolioTrendHoveredPoint ? portfolioTrendHoveredPoint.profitEuros | number:'1.2-2' : portfolioTrendValueLabel requires all 3 expressions at the end of the expression [ {{ portfolioTrendHoveredPoint ? portfolioTrendHoveredPoint.profitEuros | number:'1.2-2' : portfolioTrendValueLabel }} ] in C:\Users\jorge\OneDrive\workspace\angular-app23\angular-app\src\app\pages\portfolio-home.component.html@115:14[0m [1m[35m[plugin angular-compiler][0m

    src/app/pages/portfolio-home.component.html:606:29:
[37m      606 │ ...iminará <strong[32m>{{ fundPendingDeletion.name }[37m}</strong> de la...
          ╵                   [32m~~~~~~~~~~~~~~~~~~~~~~~~~~~~~~[0m

  Error occurs in the template of component PortfolioHomeComponent.

    src/app/pages/portfolio-home.component.ts:33:15:
[37m      33 │   templateUrl: [32m'./portfolio-home.component.html'[37m,
         ╵                [32m~~~~~~~~~~~~~~~~~~~~~~~~~~~~~~~~~[0m


[31mX [41;31m[[41;97mERROR[41;31m][0m [1mNG5002: Parser Error: Conditional expression portfolioTrendHoveredPoint ? portfolioTrendHoveredPoint.profitEuros | number:'1.2-2' : portfolioTrendValueLabel requires all 3 expressions at the end of the expression [ {{ portfolioTrendHoveredPoint ? portfolioTrendHoveredPoint.profitEuros | number:'1.2-2' : portfolioTrendValueLabel }} ] in C:\Users\jorge\OneDrive\workspace\angular-app23\angular-app\src\app\pages\portfolio-home.component.html@115:14[0m [1m[35m[plugin angular-compiler][0m

    src/app/pages/portfolio-home.component.html:609:11:
[37m      609 │       @if ([32mdeleteFundErrorMessage[37m) {
          ╵            [32m~~~~~~~~~~~~~~~~~~~~~~[0m

  Error occurs in the template of component PortfolioHomeComponent.

    src/app/pages/portfolio-home.component.ts:33:15:
[37m      33 │   templateUrl: [32m'./portfolio-home.component.html'[37m,
         ╵                [32m~~~~~~~~~~~~~~~~~~~~~~~~~~~~~~~~~[0m


[31mX [41;31m[[41;97mERROR[41;31m][0m [1mNG5002: Parser Error: Conditional expression portfolioTrendHoveredPoint ? portfolioTrendHoveredPoint.profitEuros | number:'1.2-2' : portfolioTrendValueLabel requires all 3 expressions at the end of the expression [ {{ portfolioTrendHoveredPoint ? portfolioTrendHoveredPoint.profitEuros | number:'1.2-2' : portfolioTrendValueLabel }} ] in C:\Users\jorge\OneDrive\workspace\angular-app23\angular-app\src\app\pages\portfolio-home.component.html@115:14[0m [1m[35m[plugin angular-compiler][0m

    src/app/pages/portfolio-home.component.html:610:31:
[37m      610 │         <p class="modal-error">[32m{{ deleteFundErrorMessage }}[37m</p>
          ╵                                [32m~~~~~~~~~~~~~~~~~~~~~~~~~~~~[0m

  Error occurs in the template of component PortfolioHomeComponent.

    src/app/pages/portfolio-home.component.ts:33:15:
[37m      33 │   templateUrl: [32m'./portfolio-home.component.html'[37m,
         ╵                [32m~~~~~~~~~~~~~~~~~~~~~~~~~~~~~~~~~[0m


[31mX [41;31m[[41;97mERROR[41;31m][0m [1mNG5002: Parser Error: Conditional expression portfolioTrendHoveredPoint ? portfolioTrendHoveredPoint.profitEuros | number:'1.2-2' : portfolioTrendValueLabel requires all 3 expressions at the end of the expression [ {{ portfolioTrendHoveredPoint ? portfolioTrendHoveredPoint.profitEuros | number:'1.2-2' : portfolioTrendValueLabel }} ] in C:\Users\jorge\OneDrive\workspace\angular-app23\angular-app\src\app\pages\portfolio-home.component.html@115:14[0m [1m[35m[plugin angular-compiler][0m

    src/app/pages/portfolio-home.component.html:614:80:
[37m      614 │ ...on--ghost" (click)="[32mcloseDeleteFundModal()[37m" [disabled]="isDele...
          ╵                        [32m~~~~~~~~~~~~~~~~~~~~~~[0m

  Error occurs in the template of component PortfolioHomeComponent.

    src/app/pages/portfolio-home.component.ts:33:15:
[37m      33 │   templateUrl: [32m'./portfolio-home.component.html'[37m,
         ╵                [32m~~~~~~~~~~~~~~~~~~~~~~~~~~~~~~~~~[0m


[31mX [41;31m[[41;97mERROR[41;31m][0m [1mNG5002: Parser Error: Conditional expression portfolioTrendHoveredPoint ? portfolioTrendHoveredPoint.profitEuros | number:'1.2-2' : portfolioTrendValueLabel requires all 3 expressions at the end of the expression [ {{ portfolioTrendHoveredPoint ? portfolioTrendHoveredPoint.profitEuros | number:'1.2-2' : portfolioTrendValueLabel }} ] in C:\Users\jorge\OneDrive\workspace\angular-app23\angular-app\src\app\pages\portfolio-home.component.html@115:14[0m [1m[35m[plugin angular-compiler][0m

    src/app/pages/portfolio-home.component.html:614:116:
[37m      614 │ ...st" (click)="closeDeleteFundModal()" [disabled]="[32misDeletingFund[37m">
          ╵                                                     [32m~~~~~~~~~~~~~~[0m

  Error occurs in the template of component PortfolioHomeComponent.

    src/app/pages/portfolio-home.component.ts:33:15:
[37m      33 │   templateUrl: [32m'./portfolio-home.component.html'[37m,
         ╵                [32m~~~~~~~~~~~~~~~~~~~~~~~~~~~~~~~~~[0m


[31mX [41;31m[[41;97mERROR[41;31m][0m [1mNG5002: Parser Error: Conditional expression portfolioTrendHoveredPoint ? portfolioTrendHoveredPoint.profitEuros | number:'1.2-2' : portfolioTrendValueLabel requires all 3 expressions at the end of the expression [ {{ portfolioTrendHoveredPoint ? portfolioTrendHoveredPoint.profitEuros | number:'1.2-2' : portfolioTrendValueLabel }} ] in C:\Users\jorge\OneDrive\workspace\angular-app23\angular-app\src\app\pages\portfolio-home.component.html@115:14[0m [1m[35m[plugin angular-compiler][0m

    src/app/pages/portfolio-home.component.html:617:81:
[37m      617 │ ...ton--danger" (click)="[32mconfirmDeleteFund()[37m" [disabled]="isDelet...
          ╵                          [32m~~~~~~~~~~~~~~~~~~~[0m

  Error occurs in the template of component PortfolioHomeComponent.

    src/app/pages/portfolio-home.component.ts:33:15:
[37m      33 │   templateUrl: [32m'./portfolio-home.component.html'[37m,
         ╵                [32m~~~~~~~~~~~~~~~~~~~~~~~~~~~~~~~~~[0m


[31mX [41;31m[[41;97mERROR[41;31m][0m [1mNG5002: Parser Error: Conditional expression portfolioTrendHoveredPoint ? portfolioTrendHoveredPoint.profitEuros | number:'1.2-2' : portfolioTrendValueLabel requires all 3 expressions at the end of the expression [ {{ portfolioTrendHoveredPoint ? portfolioTrendHoveredPoint.profitEuros | number:'1.2-2' : portfolioTrendValueLabel }} ] in C:\Users\jorge\OneDrive\workspace\angular-app23\angular-app\src\app\pages\portfolio-home.component.html@115:14[0m [1m[35m[plugin angular-compiler][0m

    src/app/pages/portfolio-home.component.html:617:114:
[37m      617 │ ...anger" (click)="confirmDeleteFund()" [disabled]="[32misDeletingFund[37m">
          ╵                                                     [32m~~~~~~~~~~~~~~[0m

  Error occurs in the template of component PortfolioHomeComponent.

    src/app/pages/portfolio-home.component.ts:33:15:
[37m      33 │   templateUrl: [32m'./portfolio-home.component.html'[37m,
         ╵                [32m~~~~~~~~~~~~~~~~~~~~~~~~~~~~~~~~~[0m


[31mX [41;31m[[41;97mERROR[41;31m][0m [1mNG5002: Parser Error: Conditional expression portfolioTrendHoveredPoint ? portfolioTrendHoveredPoint.profitEuros | number:'1.2-2' : portfolioTrendValueLabel requires all 3 expressions at the end of the expression [ {{ portfolioTrendHoveredPoint ? portfolioTrendHoveredPoint.profitEuros | number:'1.2-2' : portfolioTrendValueLabel }} ] in C:\Users\jorge\OneDrive\workspace\angular-app23\angular-app\src\app\pages\portfolio-home.component.html@115:14[0m [1m[35m[plugin angular-compiler][0m

    src/app/pages/portfolio-home.component.html:618:10:
[37m      618 │           [32m{{ isDeletingFund ? 'Eliminando...' : 'Continuar' }}[37m
          ╵           [32m~~~~~~~~~~~~~~~~~~~~~~~~~~~~~~~~~~~~~~~~~~~~~~~~~~~~[0m

  Error occurs in the template of component PortfolioHomeComponent.

    src/app/pages/portfolio-home.component.ts:33:15:
[37m      33 │   templateUrl: [32m'./portfolio-home.component.html'[37m,
         ╵                [32m~~~~~~~~~~~~~~~~~~~~~~~~~~~~~~~~~[0m


[31mX [41;31m[[41;97mERROR[41;31m][0m [1mTS2304: Cannot find name 'formatDateEs'.[0m [1m[35m[plugin angular-compiler][0m

    src/app/pages/portfolio-home.component.ts:252:18:
[37m      252 │     return date ? [32mformatDateEs[37m(date) : this.portfolioTrendDateRan...
          ╵                   [32m~~~~~~~~~~~~[0m


[31mX [41;31m[[41;97mERROR[41;31m][0m [1mTS2304: Cannot find name 'formatDateEs'.[0m [1m[35m[plugin angular-compiler][0m

    src/app/pages/portfolio-home.component.ts:266:14:
[37m      266 │     return `${[32mformatDateEs[37m(points[0].date)} - ${formatDateEs(poin...
          ╵               [32m~~~~~~~~~~~~[0m


[31mX [41;31m[[41;97mERROR[41;31m][0m [1mTS2304: Cannot find name 'formatDateEs'.[0m [1m[35m[plugin angular-compiler][0m

    src/app/pages/portfolio-home.component.ts:266:48:
[37m      266 │ ...eEs(points[0].date)} - ${[32mformatDateEs[37m(points[points.length - 1...
          ╵                             [32m~~~~~~~~~~~~[0m


[31mX [41;31m[[41;97mERROR[41;31m][0m [1mTS2304: Cannot find name 'formatDateEs'.[0m [1m[35m[plugin angular-compiler][0m

    src/app/pages/portfolio-home.component.ts:301:13:
[37m      301 │       label: [32mformatDateEs[37m(points[index].date),
          ╵              [32m~~~~~~~~~~~~[0m

[39m[22m
[1m[31m[31mX [41;31m[[41;97mERROR[41;31m][0m [1mTS2304: Cannot find name 'formatDateEs'.[0m [1m[35m[plugin angular-compiler][0m

    src/app/pages/portfolio-home.component.ts:252:18:
[37m      252 │     return date ? [32mformatDateEs[37m(date) : this.portfolioTrendDateRan...
          ╵                   [32m~~~~~~~~~~~~[0m


[31mX [41;31m[[41;97mERROR[41;31m][0m [1mTS2304: Cannot find name 'formatDateEs'.[0m [1m[35m[plugin angular-compiler][0m

    src/app/pages/portfolio-home.component.ts:266:14:
[37m      266 │     return `${[32mformatDateEs[37m(points[0].date)} - ${formatDateEs(poin...
          ╵               [32m~~~~~~~~~~~~[0m


[31mX [41;31m[[41;97mERROR[41;31m][0m [1mTS2304: Cannot find name 'formatDateEs'.[0m [1m[35m[plugin angular-compiler][0m

    src/app/pages/portfolio-home.component.ts:266:48:
[37m      266 │ ...eEs(points[0].date)} - ${[32mformatDateEs[37m(points[points.length - 1...
          ╵                             [32m~~~~~~~~~~~~[0m


[31mX [41;31m[[41;97mERROR[41;31m][0m [1mTS2304: Cannot find name 'formatDateEs'.[0m [1m[35m[plugin angular-compiler][0m

    src/app/pages/portfolio-home.component.ts:301:13:
[37m      301 │       label: [32mformatDateEs[37m(points[index].date),
          ╵              [32m~~~~~~~~~~~~[0m

[39m[22m
[1m[31m[31mX [41;31m[[41;97mERROR[41;31m][0m [1mTS2304: Cannot find name 'formatDateEs'.[0m [1m[35m[plugin angular-compiler][0m

    src/app/pages/portfolio-home.component.ts:252:18:
[37m      252 │     return date ? [32mformatDateEs[37m(date) : this.portfolioTrendDateRan...
          ╵                   [32m~~~~~~~~~~~~[0m


[31mX [41;31m[[41;97mERROR[41;31m][0m [1mTS2304: Cannot find name 'formatDateEs'.[0m [1m[35m[plugin angular-compiler][0m

    src/app/pages/portfolio-home.component.ts:266:14:
[37m      266 │     return `${[32mformatDateEs[37m(points[0].date)} - ${formatDateEs(poin...
          ╵               [32m~~~~~~~~~~~~[0m


[31mX [41;31m[[41;97mERROR[41;31m][0m [1mTS2304: Cannot find name 'formatDateEs'.[0m [1m[35m[plugin angular-compiler][0m

    src/app/pages/portfolio-home.component.ts:266:48:
[37m      266 │ ...eEs(points[0].date)} - ${[32mformatDateEs[37m(points[points.length - 1...
          ╵                             [32m~~~~~~~~~~~~[0m


[31mX [41;31m[[41;97mERROR[41;31m][0m [1mTS2304: Cannot find name 'formatDateEs'.[0m [1m[35m[plugin angular-compiler][0m

    src/app/pages/portfolio-home.component.ts:301:13:
[37m      301 │       label: [32mformatDateEs[37m(points[index].date),
          ╵              [32m~~~~~~~~~~~~[0m

[39m[22m
[1m[31m[31mX [41;31m[[41;97mERROR[41;31m][0m [1mTS2304: Cannot find name 'formatDateEs'.[0m [1m[35m[plugin angular-compiler][0m

    src/app/pages/portfolio-home.component.ts:252:18:
[37m      252 │     return date ? [32mformatDateEs[37m(date) : this.portfolioTrendDateRan...
          ╵                   [32m~~~~~~~~~~~~[0m


[31mX [41;31m[[41;97mERROR[41;31m][0m [1mTS2304: Cannot find name 'formatDateEs'.[0m [1m[35m[plugin angular-compiler][0m

    src/app/pages/portfolio-home.component.ts:266:14:
[37m      266 │     return `${[32mformatDateEs[37m(points[0].date)} - ${formatDateEs(poin...
          ╵               [32m~~~~~~~~~~~~[0m


[31mX [41;31m[[41;97mERROR[41;31m][0m [1mTS2304: Cannot find name 'formatDateEs'.[0m [1m[35m[plugin angular-compiler][0m

    src/app/pages/portfolio-home.component.ts:266:48:
[37m      266 │ ...eEs(points[0].date)} - ${[32mformatDateEs[37m(points[points.length - 1...
          ╵                             [32m~~~~~~~~~~~~[0m


[31mX [41;31m[[41;97mERROR[41;31m][0m [1mTS2304: Cannot find name 'formatDateEs'.[0m [1m[35m[plugin angular-compiler][0m

    src/app/pages/portfolio-home.component.ts:301:13:
[37m      301 │       label: [32mformatDateEs[37m(points[index].date),
          ╵              [32m~~~~~~~~~~~~[0m

[39m[22m
